resourceType,id,category,recordedDate,note,meta.versionId,meta.lastUpdated,text.status,text.div,clinicalStatus.coding,clinicalStatus.text,verificationStatus.coding,verificationStatus.text,code.coding,code.text,subject.reference,subject.display,recorder.reference,recorder.display
Condition,p76156879,"[{'coding': [{'system': 'http://terminology.hl7.org/CodeSystem/condition-category', 'code': 'problem-list-item', 'display': 'Problem List Item'}], 'text': 'Problem List Item'}, {'coding': [{'system': 'http://snomed.info/sct', 'code': '74188005', 'display': 'Medical (qualifier value)', 'userSelected': False}], 'text': 'Medical'}]",2025-04-02T19:36:43.000Z,"[{'authorReference': {'reference': 'Practitioner/12742069', 'display': 'Portal, Portal'}, 'time': '2025-04-02T19:36:42.000Z', 'text': 'nothing here'}]",76156879,2025-04-02T19:36:43.000Z,generated,"<div xmlns=""http://www.w3.org/1999/xhtml""><p><b>Condition</b></p><p><b>Patient</b>: SMART Jr, FRED RICK</p><p><b>Problem</b>: asthma, Diabetes mellitus type 2 (disorder)</p><p><b>Category Classification</b>: Medical</p><p><b>Clinical Status</b>: Resolved</p><p><b>Verification Status</b>: Confirmed</p></div>","[{'system': 'http://terminology.hl7.org/CodeSystem/condition-clinical', 'code': 'resolved', 'display': 'Resolved', 'userSelected': False}]",Resolved,"[{'system': 'http://terminology.hl7.org/CodeSystem/condition-ver-status', 'code': 'confirmed', 'display': 'Confirmed', 'userSelected': False}]",Confirmed,"[{'system': 'http://snomed.info/sct', 'code': '44054006', 'display': 'Diabetes mellitus type 2 (disorder)', 'userSelected': False}]",asthma,Patient/12743122,"SMART Jr, FRED RICK",Practitioner/12742069,"Portal, Portal"
Condition,p76160879,"[{'coding': [{'system': 'http://terminology.hl7.org/CodeSystem/condition-category', 'code': 'problem-list-item', 'display': 'Problem List Item'}], 'text': 'Problem List Item'}, {'coding': [{'system': 'http://snomed.info/sct', 'code': '74188005', 'display': 'Medical (qualifier value)', 'userSelected': False}], 'text': 'Medical'}]",2025-04-02T20:05:12.000Z,"[{'authorReference': {'reference': 'Practitioner/12742069', 'display': 'Portal, Portal'}, 'time': '2025-04-02T20:05:12.000Z', 'text': 'ooooooooooooooooooooooooooooooooooooo'}]",76160879,2025-04-02T20:05:12.000Z,generated,"<div xmlns=""http://www.w3.org/1999/xhtml""><p><b>Condition</b></p><p><b>Patient</b>: SMART Jr, FRED RICK</p><p><b>Problem</b>: asthma, Chronic obstructive lung disease (disorder)</p><p><b>Category Classification</b>: Medical</p><p><b>Clinical Status</b>: Active</p><p><b>Verification Status</b>: Confirmed</p></div>","[{'system': 'http://terminology.hl7.org/CodeSystem/condition-clinical', 'code': 'active', 'display': 'Active', 'userSelected': False}]",Active,"[{'system': 'http://terminology.hl7.org/CodeSystem/condition-ver-status', 'code': 'confirmed', 'display': 'Confirmed', 'userSelected': False}]",Confirmed,"[{'system': 'http://snomed.info/sct', 'code': '13645005', 'display': 'Chronic obstructive lung disease (disorder)', 'userSelected': False}]",asthma,Patient/12743122,"SMART Jr, FRED RICK",Practitioner/12742069,"Portal, Portal"
Condition,p76156905,"[{'coding': [{'system': 'http://terminology.hl7.org/CodeSystem/condition-category', 'code': 'problem-list-item', 'display': 'Problem List Item'}], 'text': 'Problem List Item'}, {'coding': [{'system': 'http://snomed.info/sct', 'code': '74188005', 'display': 'Medical (qualifier value)', 'userSelected': False}], 'text': 'Medical'}]",2025-04-02T19:42:59.000Z,"[{'authorReference': {'reference': 'Practitioner/12742069', 'display': 'Portal, Portal'}, 'time': '2025-04-02T19:42:58.000Z', 'text': 'nothing'}]",76156905,2025-04-02T19:42:59.000Z,generated,"<div xmlns=""http://www.w3.org/1999/xhtml""><p><b>Condition</b></p><p><b>Patient</b>: SMART Jr, FRED RICK</p><p><b>Problem</b>: asthma, Hypertensive disorder, systemic arterial (disorder)</p><p><b>Category Classification</b>: Medical</p><p><b>Clinical Status</b>: Active</p><p><b>Verification Status</b>: Confirmed</p></div>","[{'system': 'http://terminology.hl7.org/CodeSystem/condition-clinical', 'code': 'active', 'display': 'Active', 'userSelected': False}]",Active,"[{'system': 'http://terminology.hl7.org/CodeSystem/condition-ver-status', 'code': 'confirmed', 'display': 'Confirmed', 'userSelected': False}]",Confirmed,"[{'system': 'http://snomed.info/sct', 'code': '38341003', 'display': 'Hypertensive disorder, systemic arterial (disorder)', 'userSelected': False}]",asthma,Patient/12743122,"SMART Jr, FRED RICK",Practitioner/12742069,"Portal, Portal"
Condition,p76189125,"[{'coding': [{'system': 'http://terminology.hl7.org/CodeSystem/condition-category', 'code': 'problem-list-item', 'display': 'Problem List Item'}], 'text': 'Problem List Item'}, {'coding': [{'system': 'http://snomed.info/sct', 'code': '74188005', 'display': 'Medical (qualifier value)', 'userSelected': False}], 'text': 'Medical'}]",2025-04-03T13:09:38.000Z,,76189125,2025-04-03T13:09:38.000Z,generated,"<div xmlns=""http://www.w3.org/1999/xhtml""><p><b>Condition</b></p><p><b>Patient</b>: SMART Jr, FRED RICK</p><p><b>Problem</b>: Abdominal pain, Peeling of skin (finding)</p><p><b>Category Classification</b>: Medical</p><p><b>Clinical Status</b>: Active</p><p><b>Verification Status</b>: Confirmed</p></div>","[{'system': 'http://terminology.hl7.org/CodeSystem/condition-clinical', 'code': 'active', 'display': 'Active', 'userSelected': False}]",Active,"[{'system': 'http://terminology.hl7.org/CodeSystem/condition-ver-status', 'code': 'confirmed', 'display': 'Confirmed', 'userSelected': False}]",Confirmed,"[{'system': 'http://snomed.info/sct', 'code': '271767006', 'display': 'Peeling of skin (finding)', 'userSelected': False}]",Abdominal pain,Patient/12743122,"SMART Jr, FRED RICK",Practitioner/12742069,"Portal, Portal"
Condition,p76168879,"[{'coding': [{'system': 'http://terminology.hl7.org/CodeSystem/condition-category', 'code': 'problem-list-item', 'display': 'Problem List Item'}], 'text': 'Problem List Item'}, {'coding': [{'system': 'http://snomed.info/sct', 'code': '74188005', 'display': 'Medical (qualifier value)', 'userSelected': False}], 'text': 'Medical'}]",2025-04-02T21:22:44.000Z,,76168879,2025-04-02T21:22:44.000Z,generated,"<div xmlns=""http://www.w3.org/1999/xhtml""><p><b>Condition</b></p><p><b>Patient</b>: SMART Jr, FRED RICK</p><p><b>Problem</b>: Abdominal pain, Peeling of skin (finding)</p><p><b>Category Classification</b>: Medical</p><p><b>Clinical Status</b>: Active</p><p><b>Verification Status</b>: Confirmed</p></div>","[{'system': 'http://terminology.hl7.org/CodeSystem/condition-clinical', 'code': 'active', 'display': 'Active', 'userSelected': False}]",Active,"[{'system': 'http://terminology.hl7.org/CodeSystem/condition-ver-status', 'code': 'confirmed', 'display': 'Confirmed', 'userSelected': False}]",Confirmed,"[{'system': 'http://snomed.info/sct', 'code': '271767006', 'display': 'Peeling of skin (finding)', 'userSelected': False}]",Abdominal pain,Patient/12743122,"SMART Jr, FRED RICK",Practitioner/12742069,"Portal, Portal"
Condition,p76192891,"[{'coding': [{'system': 'http://terminology.hl7.org/CodeSystem/condition-category', 'code': 'problem-list-item', 'display': 'Problem List Item'}], 'text': 'Problem List Item'}, {'coding': [{'system': 'http://snomed.info/sct', 'code': '74188005', 'display': 'Medical (qualifier value)', 'userSelected': False}], 'text': 'Medical'}]",2025-04-03T13:47:29.000Z,,76192891,2025-04-03T13:47:29.000Z,generated,"<div xmlns=""http://www.w3.org/1999/xhtml""><p><b>Condition</b></p><p><b>Patient</b>: SMART Jr, FRED RICK</p><p><b>Problem</b>: Abdominal pain, Peeling of skin (finding)</p><p><b>Category Classification</b>: Medical</p><p><b>Clinical Status</b>: Active</p><p><b>Verification Status</b>: Confirmed</p></div>","[{'system': 'http://terminology.hl7.org/CodeSystem/condition-clinical', 'code': 'active', 'display': 'Active', 'userSelected': False}]",Active,"[{'system': 'http://terminology.hl7.org/CodeSystem/condition-ver-status', 'code': 'confirmed', 'display': 'Confirmed', 'userSelected': False}]",Confirmed,"[{'system': 'http://snomed.info/sct', 'code': '271767006', 'display': 'Peeling of skin (finding)', 'userSelected': False}]",Abdominal pain,Patient/12743122,"SMART Jr, FRED RICK",Practitioner/12742069,"Portal, Portal"
Condition,p76164899,"[{'coding': [{'system': 'http://terminology.hl7.org/CodeSystem/condition-category', 'code': 'problem-list-item', 'display': 'Problem List Item'}], 'text': 'Problem List Item'}, {'coding': [{'system': 'http://snomed.info/sct', 'code': '74188005', 'display': 'Medical (qualifier value)', 'userSelected': False}], 'text': 'Medical'}]",2025-04-02T21:15:09.000Z,,76164899,2025-04-02T21:15:09.000Z,generated,"<div xmlns=""http://www.w3.org/1999/xhtml""><p><b>Condition</b></p><p><b>Patient</b>: SMART Jr, FRED RICK</p><p><b>Problem</b>: Abdominal pain, Peeling of skin (finding)</p><p><b>Category Classification</b>: Medical</p><p><b>Clinical Status</b>: Active</p><p><b>Verification Status</b>: Confirmed</p></div>","[{'system': 'http://terminology.hl7.org/CodeSystem/condition-clinical', 'code': 'active', 'display': 'Active', 'userSelected': False}]",Active,"[{'system': 'http://terminology.hl7.org/CodeSystem/condition-ver-status', 'code': 'confirmed', 'display': 'Confirmed', 'userSelected': False}]",Confirmed,"[{'system': 'http://snomed.info/sct', 'code': '271767006', 'display': 'Peeling of skin (finding)', 'userSelected': False}]",Abdominal pain,Patient/12743122,"SMART Jr, FRED RICK",Practitioner/12742069,"Portal, Portal"
Condition,p76188979,"[{'coding': [{'system': 'http://terminology.hl7.org/CodeSystem/condition-category', 'code': 'problem-list-item', 'display': 'Problem List Item'}], 'text': 'Problem List Item'}, {'coding': [{'system': 'http://snomed.info/sct', 'code': '74188005', 'display': 'Medical (qualifier value)', 'userSelected': False}], 'text': 'Medical'}]",2025-04-03T13:05:18.000Z,,76188979,2025-04-03T13:05:18.000Z,generated,"<div xmlns=""http://www.w3.org/1999/xhtml""><p><b>Condition</b></p><p><b>Patient</b>: SMART Jr, FRED RICK</p><p><b>Problem</b>: Abdominal pain, Peeling of skin (finding)</p><p><b>Category Classification</b>: Medical</p><p><b>Clinical Status</b>: Active</p><p><b>Verification Status</b>: Confirmed</p></div>","[{'system': 'http://terminology.hl7.org/CodeSystem/condition-clinical', 'code': 'active', 'display': 'Active', 'userSelected': False}]",Active,"[{'system': 'http://terminology.hl7.org/CodeSystem/condition-ver-status', 'code': 'confirmed', 'display': 'Confirmed', 'userSelected': False}]",Confirmed,"[{'system': 'http://snomed.info/sct', 'code': '271767006', 'display': 'Peeling of skin (finding)', 'userSelected': False}]",Abdominal pain,Patient/12743122,"SMART Jr, FRED RICK",Practitioner/12742069,"Portal, Portal"
Condition,p76164889,"[{'coding': [{'system': 'http://terminology.hl7.org/CodeSystem/condition-category', 'code': 'problem-list-item', 'display': 'Problem List Item'}], 'text': 'Problem List Item'}, {'coding': [{'system': 'http://snomed.info/sct', 'code': '74188005', 'display': 'Medical (qualifier value)', 'userSelected': False}], 'text': 'Medical'}]",2025-04-02T21:10:37.000Z,,76164889,2025-04-02T21:10:37.000Z,generated,"<div xmlns=""http://www.w3.org/1999/xhtml""><p><b>Condition</b></p><p><b>Patient</b>: SMART Jr, FRED RICK</p><p><b>Problem</b>: Abdominal pain, Peeling of skin (finding)</p><p><b>Category Classification</b>: Medical</p><p><b>Clinical Status</b>: Active</p><p><b>Verification Status</b>: Confirmed</p></div>","[{'system': 'http://terminology.hl7.org/CodeSystem/condition-clinical', 'code': 'active', 'display': 'Active', 'userSelected': False}]",Active,"[{'system': 'http://terminology.hl7.org/CodeSystem/condition-ver-status', 'code': 'confirmed', 'display': 'Confirmed', 'userSelected': False}]",Confirmed,"[{'system': 'http://snomed.info/sct', 'code': '271767006', 'display': 'Peeling of skin (finding)', 'userSelected': False}]",Abdominal pain,Patient/12743122,"SMART Jr, FRED RICK",Practitioner/12742069,"Portal, Portal"
Condition,p76164879,"[{'coding': [{'system': 'http://terminology.hl7.org/CodeSystem/condition-category', 'code': 'problem-list-item', 'display': 'Problem List Item'}], 'text': 'Problem List Item'}, {'coding': [{'system': 'http://snomed.info/sct', 'code': '74188005', 'display': 'Medical (qualifier value)', 'userSelected': False}], 'text': 'Medical'}]",2025-04-02T20:59:23.000Z,,76164879,2025-04-02T20:59:23.000Z,generated,"<div xmlns=""http://www.w3.org/1999/xhtml""><p><b>Condition</b></p><p><b>Patient</b>: SMART Jr, FRED RICK</p><p><b>Problem</b>: Abdominal pain, Peeling of skin (finding)</p><p><b>Category Classification</b>: Medical</p><p><b>Clinical Status</b>: Active</p><p><b>Verification Status</b>: Confirmed</p></div>","[{'system': 'http://terminology.hl7.org/CodeSystem/condition-clinical', 'code': 'active', 'display': 'Active', 'userSelected': False}]",Active,"[{'system': 'http://terminology.hl7.org/CodeSystem/condition-ver-status', 'code': 'confirmed', 'display': 'Confirmed', 'userSelected': False}]",Confirmed,"[{'system': 'http://snomed.info/sct', 'code': '271767006', 'display': 'Peeling of skin (finding)', 'userSelected': False}]",Abdominal pain,Patient/12743122,"SMART Jr, FRED RICK",Practitioner/12742069,"Portal, Portal"
Condition,p76164909,"[{'coding': [{'system': 'http://terminology.hl7.org/CodeSystem/condition-category', 'code': 'problem-list-item', 'display': 'Problem List Item'}], 'text': 'Problem List Item'}, {'coding': [{'system': 'http://snomed.info/sct', 'code': '74188005', 'display': 'Medical (qualifier value)', 'userSelected': False}], 'text': 'Medical'}]",2025-04-02T21:18:47.000Z,,76164909,2025-04-02T21:18:47.000Z,generated,"<div xmlns=""http://www.w3.org/1999/xhtml""><p><b>Condition</b></p><p><b>Patient</b>: SMART Jr, FRED RICK</p><p><b>Problem</b>: Abdominal pain, Peeling of skin (finding)</p><p><b>Category Classification</b>: Medical</p><p><b>Clinical Status</b>: Active</p><p><b>Verification Status</b>: Confirmed</p></div>","[{'system': 'http://terminology.hl7.org/CodeSystem/condition-clinical', 'code': 'active', 'display': 'Active', 'userSelected': False}]",Active,"[{'system': 'http://terminology.hl7.org/CodeSystem/condition-ver-status', 'code': 'confirmed', 'display': 'Confirmed', 'userSelected': False}]",Confirmed,"[{'system': 'http://snomed.info/sct', 'code': '271767006', 'display': 'Peeling of skin (finding)', 'userSelected': False}]",Abdominal pain,Patient/12743122,"SMART Jr, FRED RICK",Practitioner/12742069,"Portal, Portal"
