resourceType,id,identifier,status,type,participant,location,meta.versionId,meta.lastUpdated,text.status,text.div,class.system,class.code,class.display,class.userSelected,subject.reference,subject.display,serviceProvider.reference,serviceProvider.display,appointment,period.start
Encounter,97955594,"[{'use': 'usual', 'type': {'coding': [{'system': 'https://fhir.cerner.com/ec2458f2-1e24-41c8-b71b-0e701af7583d/codeSet/319', 'code': '1077', 'display': 'FIN NBR', 'userSelected': True}, {'system': 'http://terminology.hl7.org/CodeSystem/v2-0203', 'code': 'AN', 'display': 'Account number', 'userSelected': False}], 'text': 'FIN NBR'}, 'system': 'urn:oid:5.5.5.5.5.5.', 'value': '16634', 'period': {'start': '2020-11-05T18:49:47.000Z'}}]",in-progress,"[{'coding': [{'system': 'https://fhir.cerner.com/ec2458f2-1e24-41c8-b71b-0e701af7583d/codeSet/71', 'code': '309309', 'display': 'Outpatient', 'userSelected': True}, {'system': 'http://terminology.hl7.org/CodeSystem/v2-0004', 'code': 'O', 'display': 'Outpatient', 'userSelected': False}], 'text': 'Outpatient'}]","[{'type': [{'coding': [{'system': 'https://fhir.cerner.com/ec2458f2-1e24-41c8-b71b-0e701af7583d/codeSet/333', 'code': '1121', 'display': 'Consulting Physician', 'userSelected': True}, {'system': 'http://terminology.hl7.org/CodeSystem/v3-ParticipationType', 'code': 'CON', 'display': 'consultant', 'userSelected': False}], 'text': 'Consulting Physician'}], 'period': {'start': '2024-11-19T04:00:16.000Z'}, 'individual': {'reference': 'Practitioner/12769364', 'display': 'PWLuma, MD'}}, {'type': [{'coding': [{'system': 'https://fhir.cerner.com/ec2458f2-1e24-41c8-b71b-0e701af7583d/codeSet/333', 'code': '1121', 'display': 'Consulting Physician', 'userSelected': True}, {'system': 'http://terminology.hl7.org/CodeSystem/v3-ParticipationType', 'code': 'CON', 'display': 'consultant', 'userSelected': False}], 'text': 'Consulting Physician'}], 'period': {'start': '2020-12-31T15:34:00.000Z'}, 'individual': {'reference': 'Practitioner/12742711', 'display': 'PWJuxly, PhysicianHosp'}}, {'type': [{'coding': [{'system': 'https://fhir.cerner.com/ec2458f2-1e24-41c8-b71b-0e701af7583d/codeSet/333', 'code': '242348525', 'display': 'Chart Review', 'userSelected': True}, {'system': 'http://terminology.hl7.org/CodeSystem/v3-ParticipationType', 'code': 'PART', 'display': 'Participation', 'userSelected': False}], 'text': 'Chart Review'}], 'period': {'start': '2025-12-10T19:55:00.000Z'}, 'individual': {'reference': 'Practitioner/12742577', 'display': 'PWMedActionPlanRN, PW'}}]","[{'location': {'reference': 'Location/33834799', 'display': 'Model Urgent Care'}, 'status': 'active'}]",0,2020-11-05T18:49:47.000Z,generated,"<div xmlns=""http://www.w3.org/1999/xhtml""><p><b>Encounter</b></p><p><b>Patient</b>: SMART II, SANDY</p><p><b>Location</b>: Model Urgent Care</p><p><b>Type</b>: Outpatient</p><p><b>Class</b>: ambulatory</p><p><b>Status</b>: In Progress</p><p><b>Service Provider</b>: Model Urgent Care</p></div>",http://terminology.hl7.org/CodeSystem/v3-ActCode,AMB,ambulatory,False,Patient/12742399,"SMART II, SANDY",Organization/1196423,Model Urgent Care,,
Encounter,97955595,"[{'use': 'usual', 'type': {'coding': [{'system': 'https://fhir.cerner.com/ec2458f2-1e24-41c8-b71b-0e701af7583d/codeSet/319', 'code': '1077', 'display': 'FIN NBR', 'userSelected': True}, {'system': 'http://terminology.hl7.org/CodeSystem/v2-0203', 'code': 'AN', 'display': 'Account number', 'userSelected': False}], 'text': 'FIN NBR'}, 'system': 'urn:oid:5.5.5.5.5.5.', 'value': '16635', 'period': {'start': '2020-11-05T18:52:05.000Z'}}]",in-progress,"[{'coding': [{'system': 'https://fhir.cerner.com/ec2458f2-1e24-41c8-b71b-0e701af7583d/codeSet/71', 'code': '309309', 'display': 'Outpatient', 'userSelected': True}, {'system': 'http://terminology.hl7.org/CodeSystem/v2-0004', 'code': 'O', 'display': 'Outpatient', 'userSelected': False}], 'text': 'Outpatient'}]","[{'type': [{'coding': [{'system': 'https://fhir.cerner.com/ec2458f2-1e24-41c8-b71b-0e701af7583d/codeSet/333', 'code': '1121', 'display': 'Consulting Physician', 'userSelected': True}, {'system': 'http://terminology.hl7.org/CodeSystem/v3-ParticipationType', 'code': 'CON', 'display': 'consultant', 'userSelected': False}], 'text': 'Consulting Physician'}], 'period': {'start': '2021-07-12T21:17:23.000Z'}, 'individual': {'reference': 'Practitioner/12742711', 'display': 'PWJuxly, PhysicianHosp'}}, {'type': [{'coding': [{'system': 'https://fhir.cerner.com/ec2458f2-1e24-41c8-b71b-0e701af7583d/codeSet/333', 'code': '1121', 'display': 'Consulting Physician', 'userSelected': True}, {'system': 'http://terminology.hl7.org/CodeSystem/v3-ParticipationType', 'code': 'CON', 'display': 'consultant', 'userSelected': False}], 'text': 'Consulting Physician'}], 'period': {'start': '2021-01-29T15:12:35.000Z'}, 'individual': {'reference': 'Practitioner/12732049', 'display': 'PWUpToDate, Physician - Primary Care'}}]","[{'location': {'reference': 'Location/33834799', 'display': 'Model Urgent Care'}, 'status': 'active'}]",0,2020-11-05T18:52:05.000Z,generated,"<div xmlns=""http://www.w3.org/1999/xhtml""><p><b>Encounter</b></p><p><b>Patient</b>: SMART II, SANDY</p><p><b>Location</b>: Model Urgent Care</p><p><b>Type</b>: Outpatient</p><p><b>Class</b>: ambulatory</p><p><b>Status</b>: In Progress</p><p><b>Service Provider</b>: Model Urgent Care</p></div>",http://terminology.hl7.org/CodeSystem/v3-ActCode,AMB,ambulatory,False,Patient/12742399,"SMART II, SANDY",Organization/1196423,Model Urgent Care,,
Encounter,97955602,"[{'use': 'usual', 'type': {'coding': [{'system': 'https://fhir.cerner.com/ec2458f2-1e24-41c8-b71b-0e701af7583d/codeSet/319', 'code': '1077', 'display': 'FIN NBR', 'userSelected': True}, {'system': 'http://terminology.hl7.org/CodeSystem/v2-0203', 'code': 'AN', 'display': 'Account number', 'userSelected': False}], 'text': 'FIN NBR'}, 'system': 'urn:oid:5.5.5.5.5.5.', 'value': '16641', 'period': {'start': '2020-11-06T16:19:35.000Z'}}]",in-progress,"[{'coding': [{'system': 'https://fhir.cerner.com/ec2458f2-1e24-41c8-b71b-0e701af7583d/codeSet/71', 'code': '309309', 'display': 'Outpatient', 'userSelected': True}, {'system': 'http://terminology.hl7.org/CodeSystem/v2-0004', 'code': 'O', 'display': 'Outpatient', 'userSelected': False}], 'text': 'Outpatient'}]","[{'type': [{'coding': [{'system': 'https://fhir.cerner.com/ec2458f2-1e24-41c8-b71b-0e701af7583d/codeSet/333', 'code': '1124', 'display': 'Other', 'userSelected': True}, {'system': 'http://terminology.hl7.org/CodeSystem/v3-ParticipationType', 'code': 'PART', 'display': 'Participation', 'userSelected': False}], 'text': 'Other'}], 'period': {'start': '2021-05-20T14:21:00.000Z'}, 'individual': {'reference': 'Practitioner/12751089', 'display': 'Bae, Chris'}}]","[{'location': {'reference': 'Location/33834799', 'display': 'Model Urgent Care'}, 'status': 'active'}]",0,2020-11-06T16:19:35.000Z,generated,"<div xmlns=""http://www.w3.org/1999/xhtml""><p><b>Encounter</b></p><p><b>Patient</b>: SMART II, SANDY</p><p><b>Location</b>: Model Urgent Care</p><p><b>Type</b>: Outpatient</p><p><b>Class</b>: ambulatory</p><p><b>Status</b>: In Progress</p><p><b>Service Provider</b>: Model Urgent Care</p></div>",http://terminology.hl7.org/CodeSystem/v3-ActCode,AMB,ambulatory,False,Patient/12742399,"SMART II, SANDY",Organization/1196423,Model Urgent Care,,
Encounter,97955603,"[{'use': 'usual', 'type': {'coding': [{'system': 'https://fhir.cerner.com/ec2458f2-1e24-41c8-b71b-0e701af7583d/codeSet/319', 'code': '1077', 'display': 'FIN NBR', 'userSelected': True}, {'system': 'http://terminology.hl7.org/CodeSystem/v2-0203', 'code': 'AN', 'display': 'Account number', 'userSelected': False}], 'text': 'FIN NBR'}, 'system': 'urn:oid:5.5.5.5.5.5.', 'value': '16642', 'period': {'start': '2020-11-06T16:49:13.000Z'}}]",in-progress,"[{'coding': [{'system': 'https://fhir.cerner.com/ec2458f2-1e24-41c8-b71b-0e701af7583d/codeSet/71', 'code': '309309', 'display': 'Outpatient', 'userSelected': True}, {'system': 'http://terminology.hl7.org/CodeSystem/v2-0004', 'code': 'O', 'display': 'Outpatient', 'userSelected': False}], 'text': 'Outpatient'}]","[{'type': [{'coding': [{'system': 'https://fhir.cerner.com/ec2458f2-1e24-41c8-b71b-0e701af7583d/codeSet/333', 'code': '1121', 'display': 'Consulting Physician', 'userSelected': True}, {'system': 'http://terminology.hl7.org/CodeSystem/v3-ParticipationType', 'code': 'CON', 'display': 'consultant', 'userSelected': False}], 'text': 'Consulting Physician'}], 'period': {'start': '2021-02-03T20:41:00.000Z'}, 'individual': {'reference': 'Practitioner/12742711', 'display': 'PWJuxly, PhysicianHosp'}}]","[{'location': {'reference': 'Location/33834799', 'display': 'Model Urgent Care'}, 'status': 'active'}]",0,2020-11-06T16:49:13.000Z,generated,"<div xmlns=""http://www.w3.org/1999/xhtml""><p><b>Encounter</b></p><p><b>Patient</b>: SMART II, SANDY</p><p><b>Location</b>: Model Urgent Care</p><p><b>Type</b>: Outpatient</p><p><b>Class</b>: ambulatory</p><p><b>Status</b>: In Progress</p><p><b>Service Provider</b>: Model Urgent Care</p></div>",http://terminology.hl7.org/CodeSystem/v3-ActCode,AMB,ambulatory,False,Patient/12742399,"SMART II, SANDY",Organization/1196423,Model Urgent Care,,
Encounter,97955604,"[{'use': 'usual', 'type': {'coding': [{'system': 'https://fhir.cerner.com/ec2458f2-1e24-41c8-b71b-0e701af7583d/codeSet/319', 'code': '1077', 'display': 'FIN NBR', 'userSelected': True}, {'system': 'http://terminology.hl7.org/CodeSystem/v2-0203', 'code': 'AN', 'display': 'Account number', 'userSelected': False}], 'text': 'FIN NBR'}, 'system': 'urn:oid:5.5.5.5.5.5.', 'value': '16643', 'period': {'start': '2020-11-06T18:02:05.000Z'}}]",in-progress,"[{'coding': [{'system': 'https://fhir.cerner.com/ec2458f2-1e24-41c8-b71b-0e701af7583d/codeSet/71', 'code': '309309', 'display': 'Outpatient', 'userSelected': True}, {'system': 'http://terminology.hl7.org/CodeSystem/v2-0004', 'code': 'O', 'display': 'Outpatient', 'userSelected': False}], 'text': 'Outpatient'}]","[{'type': [{'coding': [{'system': 'https://fhir.cerner.com/ec2458f2-1e24-41c8-b71b-0e701af7583d/codeSet/333', 'code': '1121', 'display': 'Consulting Physician', 'userSelected': True}, {'system': 'http://terminology.hl7.org/CodeSystem/v3-ParticipationType', 'code': 'CON', 'display': 'consultant', 'userSelected': False}], 'text': 'Consulting Physician'}], 'period': {'start': '2021-01-29T20:35:00.000Z'}, 'individual': {'reference': 'Practitioner/12742711', 'display': 'PWJuxly, PhysicianHosp'}}, {'type': [{'coding': [{'system': 'https://fhir.cerner.com/ec2458f2-1e24-41c8-b71b-0e701af7583d/codeSet/333', 'code': '1121', 'display': 'Consulting Physician', 'userSelected': True}, {'system': 'http://terminology.hl7.org/CodeSystem/v3-ParticipationType', 'code': 'CON', 'display': 'consultant', 'userSelected': False}], 'text': 'Consulting Physician'}], 'period': {'start': '2020-11-24T17:15:33.000Z'}, 'individual': {'reference': 'Practitioner/12732049', 'display': 'PWUpToDate, Physician - Primary Care'}}, {'type': [{'coding': [{'system': 'https://fhir.cerner.com/ec2458f2-1e24-41c8-b71b-0e701af7583d/codeSet/333', 'code': '1121', 'display': 'Consulting Physician', 'userSelected': True}, {'system': 'http://terminology.hl7.org/CodeSystem/v3-ParticipationType', 'code': 'CON', 'display': 'consultant', 'userSelected': False}], 'text': 'Consulting Physician'}], 'period': {'start': '2020-11-13T20:14:42.000Z'}, 'individual': {'reference': 'Practitioner/12743411', 'display': 'PWAffirmHealth, MDCardio'}}, {'type': [{'coding': [{'system': 'https://fhir.cerner.com/ec2458f2-1e24-41c8-b71b-0e701af7583d/codeSet/333', 'code': '1121', 'display': 'Consulting Physician', 'userSelected': True}, {'system': 'http://terminology.hl7.org/CodeSystem/v3-ParticipationType', 'code': 'CON', 'display': 'consultant', 'userSelected': False}], 'text': 'Consulting Physician'}], 'period': {'start': '2020-11-09T19:12:17.000Z'}, 'individual': {'reference': 'Practitioner/12732076', 'display': 'PWIMO, Physician - Hospitalist'}}, {'type': [{'coding': [{'system': 'https://fhir.cerner.com/ec2458f2-1e24-41c8-b71b-0e701af7583d/codeSet/333', 'code': '4199437', 'display': 'Anesthesiologist', 'userSelected': True}, {'system': 'http://terminology.hl7.org/CodeSystem/v3-ParticipationType', 'code': 'PPRF', 'display': 'primary performer', 'userSelected': False}], 'text': 'Anesthesiologist'}], 'period': {'start': '2021-02-03T17:23:00.000Z'}, 'individual': {'reference': 'Practitioner/12744423', 'display': 'PWTecsys, MD Anes'}}]","[{'location': {'reference': 'Location/33834799', 'display': 'Model Urgent Care'}, 'status': 'active'}]",0,2020-11-06T18:02:05.000Z,generated,"<div xmlns=""http://www.w3.org/1999/xhtml""><p><b>Encounter</b></p><p><b>Patient</b>: SMART II, SANDY</p><p><b>Location</b>: Model Urgent Care</p><p><b>Type</b>: Outpatient</p><p><b>Class</b>: ambulatory</p><p><b>Status</b>: In Progress</p><p><b>Service Provider</b>: Model Urgent Care</p></div>",http://terminology.hl7.org/CodeSystem/v3-ActCode,AMB,ambulatory,False,Patient/12742399,"SMART II, SANDY",Organization/1196423,Model Urgent Care,[{'reference': 'Appointment/4827486'}],
Encounter,97961014,"[{'use': 'usual', 'type': {'coding': [{'system': 'https://fhir.cerner.com/ec2458f2-1e24-41c8-b71b-0e701af7583d/codeSet/319', 'code': '1077', 'display': 'FIN NBR', 'userSelected': True}, {'system': 'http://terminology.hl7.org/CodeSystem/v2-0203', 'code': 'AN', 'display': 'Account number', 'userSelected': False}], 'text': 'FIN NBR'}, 'system': 'urn:oid:5.5.5.5.5.5.', 'value': '18764', 'period': {'start': '2021-07-20T13:47:30.000Z'}}]",in-progress,"[{'coding': [{'system': 'https://fhir.cerner.com/ec2458f2-1e24-41c8-b71b-0e701af7583d/codeSet/71', 'code': '309309', 'display': 'Outpatient', 'userSelected': True}, {'system': 'http://terminology.hl7.org/CodeSystem/v2-0004', 'code': 'O', 'display': 'Outpatient', 'userSelected': False}], 'text': 'Outpatient'}]","[{'type': [{'coding': [{'system': 'https://fhir.cerner.com/ec2458f2-1e24-41c8-b71b-0e701af7583d/codeSet/333', 'code': '1121', 'display': 'Consulting Physician', 'userSelected': True}, {'system': 'http://terminology.hl7.org/CodeSystem/v3-ParticipationType', 'code': 'CON', 'display': 'consultant', 'userSelected': False}], 'text': 'Consulting Physician'}], 'period': {'start': '2025-03-26T19:09:55.000Z'}, 'individual': {'reference': 'Practitioner/12863659', 'display': 'PWCancerNav, MD, Cardio'}}, {'type': [{'coding': [{'system': 'https://fhir.cerner.com/ec2458f2-1e24-41c8-b71b-0e701af7583d/codeSet/333', 'code': '1121', 'display': 'Consulting Physician', 'userSelected': True}, {'system': 'http://terminology.hl7.org/CodeSystem/v3-ParticipationType', 'code': 'CON', 'display': 'consultant', 'userSelected': False}], 'text': 'Consulting Physician'}], 'period': {'start': '2024-12-12T09:29:00.000Z'}, 'individual': {'reference': 'Practitioner/12769364', 'display': 'PWLuma, MD'}}, {'type': [{'coding': [{'system': 'https://fhir.cerner.com/ec2458f2-1e24-41c8-b71b-0e701af7583d/codeSet/333', 'code': '681274', 'display': 'Database Coordinator', 'userSelected': True}, {'system': 'http://terminology.hl7.org/CodeSystem/v3-ParticipationType', 'code': 'PART', 'display': 'Participation', 'userSelected': False}], 'text': 'Database Coordinator'}], 'period': {'start': '2025-06-05T20:35:00.000Z'}, 'individual': {'reference': 'Practitioner/12784000', 'display': 'McMillan, Erika'}}, {'type': [{'coding': [{'system': 'https://fhir.cerner.com/ec2458f2-1e24-41c8-b71b-0e701af7583d/codeSet/333', 'code': '681295', 'display': 'Physician (Office/Clinic Only)', 'userSelected': True}, {'system': 'http://terminology.hl7.org/CodeSystem/v3-ParticipationType', 'code': 'PPRF', 'display': 'primary performer', 'userSelected': False}], 'text': 'Physician (Office/Clinic Only)'}], 'period': {'start': '2025-01-31T19:24:00.000Z'}, 'individual': {'reference': 'Practitioner/12742614', 'display': 'PWSUKI, MDCARDIO'}}, {'type': [{'coding': [{'system': 'https://fhir.cerner.com/ec2458f2-1e24-41c8-b71b-0e701af7583d/codeSet/333', 'code': '24490361', 'display': 'Registration Clerk', 'userSelected': True}, {'system': 'http://terminology.hl7.org/CodeSystem/v3-ParticipationType', 'code': 'PART', 'display': 'Participation', 'userSelected': False}], 'text': 'Registration Clerk'}], 'period': {'start': '2025-01-27T06:08:00.000Z'}, 'individual': {'reference': 'Practitioner/12732071', 'display': 'PWYosi, Registration - Clerk'}}]","[{'location': {'reference': 'Location/21250403', 'display': 'Model Hospital'}, 'status': 'active'}]",0,2021-07-20T13:47:30.000Z,generated,"<div xmlns=""http://www.w3.org/1999/xhtml""><p><b>Encounter</b></p><p><b>Patient</b>: SMART II, SANDY</p><p><b>Location</b>: Model Hospital</p><p><b>Type</b>: Outpatient</p><p><b>Class</b>: ambulatory</p><p><b>Status</b>: In Progress</p><p><b>Service Provider</b>: Model Hospital</p></div>",http://terminology.hl7.org/CodeSystem/v3-ActCode,AMB,ambulatory,False,Patient/12742399,"SMART II, SANDY",Organization/675844,Model Hospital,,
Encounter,97961021,"[{'use': 'usual', 'type': {'coding': [{'system': 'https://fhir.cerner.com/ec2458f2-1e24-41c8-b71b-0e701af7583d/codeSet/319', 'code': '1077', 'display': 'FIN NBR', 'userSelected': True}, {'system': 'http://terminology.hl7.org/CodeSystem/v2-0203', 'code': 'AN', 'display': 'Account number', 'userSelected': False}], 'text': 'FIN NBR'}, 'system': 'urn:oid:5.5.5.5.5.5.', 'value': '18771', 'period': {'start': '2021-07-20T14:27:56.000Z'}}]",in-progress,"[{'coding': [{'system': 'https://fhir.cerner.com/ec2458f2-1e24-41c8-b71b-0e701af7583d/codeSet/71', 'code': '309309', 'display': 'Outpatient', 'userSelected': True}, {'system': 'http://terminology.hl7.org/CodeSystem/v2-0004', 'code': 'O', 'display': 'Outpatient', 'userSelected': False}], 'text': 'Outpatient'}]","[{'type': [{'coding': [{'system': 'https://fhir.cerner.com/ec2458f2-1e24-41c8-b71b-0e701af7583d/codeSet/333', 'code': '1121', 'display': 'Consulting Physician', 'userSelected': True}, {'system': 'http://terminology.hl7.org/CodeSystem/v3-ParticipationType', 'code': 'CON', 'display': 'consultant', 'userSelected': False}], 'text': 'Consulting Physician'}], 'period': {'start': '2024-12-20T06:12:00.000Z'}, 'individual': {'reference': 'Practitioner/12769364', 'display': 'PWLuma, MD'}}, {'type': [{'coding': [{'system': 'https://fhir.cerner.com/ec2458f2-1e24-41c8-b71b-0e701af7583d/codeSet/333', 'code': '1121', 'display': 'Consulting Physician', 'userSelected': True}, {'system': 'http://terminology.hl7.org/CodeSystem/v3-ParticipationType', 'code': 'CON', 'display': 'consultant', 'userSelected': False}], 'text': 'Consulting Physician'}], 'period': {'start': '2021-10-14T18:36:00.000Z'}, 'individual': {'reference': 'Practitioner/12742711', 'display': 'PWJuxly, PhysicianHosp'}}]","[{'location': {'reference': 'Location/21250403', 'display': 'Model Hospital'}, 'status': 'active'}]",0,2021-07-20T14:27:56.000Z,generated,"<div xmlns=""http://www.w3.org/1999/xhtml""><p><b>Encounter</b></p><p><b>Patient</b>: SMART II, SANDY</p><p><b>Location</b>: Model Hospital</p><p><b>Type</b>: Outpatient</p><p><b>Class</b>: ambulatory</p><p><b>Status</b>: In Progress</p><p><b>Service Provider</b>: Model Hospital</p></div>",http://terminology.hl7.org/CodeSystem/v3-ActCode,AMB,ambulatory,False,Patient/12742399,"SMART II, SANDY",Organization/675844,Model Hospital,,
Encounter,97961301,"[{'use': 'usual', 'type': {'coding': [{'system': 'https://fhir.cerner.com/ec2458f2-1e24-41c8-b71b-0e701af7583d/codeSet/319', 'code': '1077', 'display': 'FIN NBR', 'userSelected': True}, {'system': 'http://terminology.hl7.org/CodeSystem/v2-0203', 'code': 'AN', 'display': 'Account number', 'userSelected': False}], 'text': 'FIN NBR'}, 'system': 'urn:oid:5.5.5.5.5.5.', 'value': '19019', 'period': {'start': '2021-07-28T20:33:51.000Z'}}]",in-progress,"[{'coding': [{'system': 'https://fhir.cerner.com/ec2458f2-1e24-41c8-b71b-0e701af7583d/codeSet/71', 'code': '309309', 'display': 'Outpatient', 'userSelected': True}, {'system': 'http://terminology.hl7.org/CodeSystem/v2-0004', 'code': 'O', 'display': 'Outpatient', 'userSelected': False}], 'text': 'Outpatient'}]","[{'type': [{'coding': [{'system': 'https://fhir.cerner.com/ec2458f2-1e24-41c8-b71b-0e701af7583d/codeSet/333', 'code': '1121', 'display': 'Consulting Physician', 'userSelected': True}, {'system': 'http://terminology.hl7.org/CodeSystem/v3-ParticipationType', 'code': 'CON', 'display': 'consultant', 'userSelected': False}], 'text': 'Consulting Physician'}], 'period': {'start': '2021-09-17T14:52:00.000Z'}, 'individual': {'reference': 'Practitioner/12742711', 'display': 'PWJuxly, PhysicianHosp'}}, {'type': [{'coding': [{'system': 'https://fhir.cerner.com/ec2458f2-1e24-41c8-b71b-0e701af7583d/codeSet/333', 'code': '24490491', 'display': 'Oncology RN', 'userSelected': True}, {'system': 'http://terminology.hl7.org/CodeSystem/v3-ParticipationType', 'code': 'SPRF', 'display': 'secondary performer', 'userSelected': False}], 'text': 'Oncology RN'}], 'period': {'start': '2025-04-28T22:32:00.000Z'}, 'individual': {'reference': 'Practitioner/14736435', 'display': 'PWCancerIQ, MD, Cardio'}}, {'type': [{'coding': [{'system': 'https://fhir.cerner.com/ec2458f2-1e24-41c8-b71b-0e701af7583d/codeSet/333', 'code': '681295', 'display': 'Physician (Office/Clinic Only)', 'userSelected': True}, {'system': 'http://terminology.hl7.org/CodeSystem/v3-ParticipationType', 'code': 'PPRF', 'display': 'primary performer', 'userSelected': False}], 'text': 'Physician (Office/Clinic Only)'}], 'period': {'start': '2021-08-05T14:45:00.000Z'}, 'individual': {'reference': 'Practitioner/12762687', 'display': 'PWLabCorp, MD, Cardio'}}]","[{'location': {'reference': 'Location/21250403', 'display': 'Model Hospital'}, 'status': 'active'}]",0,2021-07-28T20:33:51.000Z,generated,"<div xmlns=""http://www.w3.org/1999/xhtml""><p><b>Encounter</b></p><p><b>Patient</b>: SMART II, SANDY</p><p><b>Location</b>: Model Hospital</p><p><b>Type</b>: Outpatient</p><p><b>Class</b>: ambulatory</p><p><b>Status</b>: In Progress</p><p><b>Service Provider</b>: Model Hospital</p></div>",http://terminology.hl7.org/CodeSystem/v3-ActCode,AMB,ambulatory,False,Patient/12742399,"SMART II, SANDY",Organization/675844,Model Hospital,,
Encounter,97961375,"[{'use': 'usual', 'type': {'coding': [{'system': 'https://fhir.cerner.com/ec2458f2-1e24-41c8-b71b-0e701af7583d/codeSet/319', 'code': '1077', 'display': 'FIN NBR', 'userSelected': True}, {'system': 'http://terminology.hl7.org/CodeSystem/v2-0203', 'code': 'AN', 'display': 'Account number', 'userSelected': False}], 'text': 'FIN NBR'}, 'system': 'urn:oid:5.5.5.5.5.5.', 'value': '19068', 'period': {'start': '2021-07-30T22:07:24.000Z'}}]",in-progress,"[{'coding': [{'system': 'https://fhir.cerner.com/ec2458f2-1e24-41c8-b71b-0e701af7583d/codeSet/71', 'code': '309309', 'display': 'Outpatient', 'userSelected': True}, {'system': 'http://terminology.hl7.org/CodeSystem/v2-0004', 'code': 'O', 'display': 'Outpatient', 'userSelected': False}], 'text': 'Outpatient'}]",,"[{'location': {'reference': 'Location/21250403', 'display': 'Model Hospital'}, 'status': 'active'}]",0,2021-07-30T22:07:24.000Z,generated,"<div xmlns=""http://www.w3.org/1999/xhtml""><p><b>Encounter</b></p><p><b>Patient</b>: SMART II, SANDY</p><p><b>Location</b>: Model Hospital</p><p><b>Type</b>: Outpatient</p><p><b>Class</b>: ambulatory</p><p><b>Status</b>: In Progress</p><p><b>Service Provider</b>: Model Hospital</p></div>",http://terminology.hl7.org/CodeSystem/v3-ActCode,AMB,ambulatory,False,Patient/12742399,"SMART II, SANDY",Organization/675844,Model Hospital,,
Encounter,97961376,"[{'use': 'usual', 'type': {'coding': [{'system': 'https://fhir.cerner.com/ec2458f2-1e24-41c8-b71b-0e701af7583d/codeSet/319', 'code': '1077', 'display': 'FIN NBR', 'userSelected': True}, {'system': 'http://terminology.hl7.org/CodeSystem/v2-0203', 'code': 'AN', 'display': 'Account number', 'userSelected': False}], 'text': 'FIN NBR'}, 'system': 'urn:oid:5.5.5.5.5.5.', 'value': '19069', 'period': {'start': '2021-07-30T22:07:27.000Z'}}]",in-progress,"[{'coding': [{'system': 'https://fhir.cerner.com/ec2458f2-1e24-41c8-b71b-0e701af7583d/codeSet/71', 'code': '309309', 'display': 'Outpatient', 'userSelected': True}, {'system': 'http://terminology.hl7.org/CodeSystem/v2-0004', 'code': 'O', 'display': 'Outpatient', 'userSelected': False}], 'text': 'Outpatient'}]","[{'type': [{'coding': [{'system': 'https://fhir.cerner.com/ec2458f2-1e24-41c8-b71b-0e701af7583d/codeSet/333', 'code': '1121', 'display': 'Consulting Physician', 'userSelected': True}, {'system': 'http://terminology.hl7.org/CodeSystem/v3-ParticipationType', 'code': 'CON', 'display': 'consultant', 'userSelected': False}], 'text': 'Consulting Physician'}], 'period': {'start': '2021-10-28T20:11:16.000Z'}, 'individual': {'reference': 'Practitioner/12742069', 'display': 'Portal, Portal'}}, {'type': [{'coding': [{'system': 'https://fhir.cerner.com/ec2458f2-1e24-41c8-b71b-0e701af7583d/codeSet/333', 'code': '1125', 'display': 'Registered Nurse', 'userSelected': True}, {'system': 'http://terminology.hl7.org/CodeSystem/v3-ParticipationType', 'code': 'SPRF', 'display': 'secondary performer', 'userSelected': False}], 'text': 'Registered Nurse'}], 'period': {'start': '2021-10-01T18:55:00.000Z'}, 'individual': {'reference': 'Practitioner/12742577', 'display': 'PWMedActionPlanRN, PW'}}]","[{'location': {'reference': 'Location/21250403', 'display': 'Model Hospital'}, 'status': 'active'}]",0,2021-07-30T22:07:27.000Z,generated,"<div xmlns=""http://www.w3.org/1999/xhtml""><p><b>Encounter</b></p><p><b>Patient</b>: SMART II, SANDY</p><p><b>Location</b>: Model Hospital</p><p><b>Type</b>: Outpatient</p><p><b>Class</b>: ambulatory</p><p><b>Status</b>: In Progress</p><p><b>Service Provider</b>: Model Hospital</p></div>",http://terminology.hl7.org/CodeSystem/v3-ActCode,AMB,ambulatory,False,Patient/12742399,"SMART II, SANDY",Organization/675844,Model Hospital,,
Encounter,97961377,"[{'use': 'usual', 'type': {'coding': [{'system': 'https://fhir.cerner.com/ec2458f2-1e24-41c8-b71b-0e701af7583d/codeSet/319', 'code': '1077', 'display': 'FIN NBR', 'userSelected': True}, {'system': 'http://terminology.hl7.org/CodeSystem/v2-0203', 'code': 'AN', 'display': 'Account number', 'userSelected': False}], 'text': 'FIN NBR'}, 'system': 'urn:oid:5.5.5.5.5.5.', 'value': '19070', 'period': {'start': '2021-07-30T22:07:30.000Z'}}]",in-progress,"[{'coding': [{'system': 'https://fhir.cerner.com/ec2458f2-1e24-41c8-b71b-0e701af7583d/codeSet/71', 'code': '309309', 'display': 'Outpatient', 'userSelected': True}, {'system': 'http://terminology.hl7.org/CodeSystem/v2-0004', 'code': 'O', 'display': 'Outpatient', 'userSelected': False}], 'text': 'Outpatient'}]",,"[{'location': {'reference': 'Location/21250403', 'display': 'Model Hospital'}, 'status': 'active'}]",0,2021-07-30T22:07:30.000Z,generated,"<div xmlns=""http://www.w3.org/1999/xhtml""><p><b>Encounter</b></p><p><b>Patient</b>: SMART II, SANDY</p><p><b>Location</b>: Model Hospital</p><p><b>Type</b>: Outpatient</p><p><b>Class</b>: ambulatory</p><p><b>Status</b>: In Progress</p><p><b>Service Provider</b>: Model Hospital</p></div>",http://terminology.hl7.org/CodeSystem/v3-ActCode,AMB,ambulatory,False,Patient/12742399,"SMART II, SANDY",Organization/675844,Model Hospital,,
Encounter,97961378,"[{'use': 'usual', 'type': {'coding': [{'system': 'https://fhir.cerner.com/ec2458f2-1e24-41c8-b71b-0e701af7583d/codeSet/319', 'code': '1077', 'display': 'FIN NBR', 'userSelected': True}, {'system': 'http://terminology.hl7.org/CodeSystem/v2-0203', 'code': 'AN', 'display': 'Account number', 'userSelected': False}], 'text': 'FIN NBR'}, 'system': 'urn:oid:5.5.5.5.5.5.', 'value': '19071', 'period': {'start': '2021-07-30T22:07:33.000Z'}}]",in-progress,"[{'coding': [{'system': 'https://fhir.cerner.com/ec2458f2-1e24-41c8-b71b-0e701af7583d/codeSet/71', 'code': '309309', 'display': 'Outpatient', 'userSelected': True}, {'system': 'http://terminology.hl7.org/CodeSystem/v2-0004', 'code': 'O', 'display': 'Outpatient', 'userSelected': False}], 'text': 'Outpatient'}]","[{'type': [{'coding': [{'system': 'https://fhir.cerner.com/ec2458f2-1e24-41c8-b71b-0e701af7583d/codeSet/333', 'code': '3362683', 'display': 'ED Physician', 'userSelected': True}, {'system': 'http://terminology.hl7.org/CodeSystem/v3-ParticipationType', 'code': 'PPRF', 'display': 'primary performer', 'userSelected': False}], 'text': 'ED Physician'}], 'period': {'start': '2024-09-30T20:24:00.000Z'}, 'individual': {'reference': 'Practitioner/12730044', 'display': 'PWTSystem, Physician - Emergency Medicine'}}]","[{'location': {'reference': 'Location/21250403', 'display': 'Model Hospital'}, 'status': 'active'}]",0,2021-07-30T22:07:33.000Z,generated,"<div xmlns=""http://www.w3.org/1999/xhtml""><p><b>Encounter</b></p><p><b>Patient</b>: SMART II, SANDY</p><p><b>Location</b>: Model Hospital</p><p><b>Type</b>: Outpatient</p><p><b>Class</b>: ambulatory</p><p><b>Status</b>: In Progress</p><p><b>Service Provider</b>: Model Hospital</p></div>",http://terminology.hl7.org/CodeSystem/v3-ActCode,AMB,ambulatory,False,Patient/12742399,"SMART II, SANDY",Organization/675844,Model Hospital,,
Encounter,97961379,"[{'use': 'usual', 'type': {'coding': [{'system': 'https://fhir.cerner.com/ec2458f2-1e24-41c8-b71b-0e701af7583d/codeSet/319', 'code': '1077', 'display': 'FIN NBR', 'userSelected': True}, {'system': 'http://terminology.hl7.org/CodeSystem/v2-0203', 'code': 'AN', 'display': 'Account number', 'userSelected': False}], 'text': 'FIN NBR'}, 'system': 'urn:oid:5.5.5.5.5.5.', 'value': '19072', 'period': {'start': '2021-07-30T22:07:36.000Z'}}]",in-progress,"[{'coding': [{'system': 'https://fhir.cerner.com/ec2458f2-1e24-41c8-b71b-0e701af7583d/codeSet/71', 'code': '309309', 'display': 'Outpatient', 'userSelected': True}, {'system': 'http://terminology.hl7.org/CodeSystem/v2-0004', 'code': 'O', 'display': 'Outpatient', 'userSelected': False}], 'text': 'Outpatient'}]","[{'type': [{'coding': [{'system': 'https://fhir.cerner.com/ec2458f2-1e24-41c8-b71b-0e701af7583d/codeSet/333', 'code': '1121', 'display': 'Consulting Physician', 'userSelected': True}, {'system': 'http://terminology.hl7.org/CodeSystem/v3-ParticipationType', 'code': 'CON', 'display': 'consultant', 'userSelected': False}], 'text': 'Consulting Physician'}], 'period': {'start': '2021-10-06T18:32:00.000Z'}, 'individual': {'reference': 'Practitioner/12732049', 'display': 'PWUpToDate, Physician - Primary Care'}}, {'type': [{'coding': [{'system': 'https://fhir.cerner.com/ec2458f2-1e24-41c8-b71b-0e701af7583d/codeSet/333', 'code': '1121', 'display': 'Consulting Physician', 'userSelected': True}, {'system': 'http://terminology.hl7.org/CodeSystem/v3-ParticipationType', 'code': 'CON', 'display': 'consultant', 'userSelected': False}], 'text': 'Consulting Physician'}], 'period': {'start': '2021-10-06T15:50:00.000Z'}, 'individual': {'reference': 'Practitioner/12763785', 'display': 'PWCincinnatiChildrens, MD, Cardio'}}, {'type': [{'coding': [{'system': 'https://fhir.cerner.com/ec2458f2-1e24-41c8-b71b-0e701af7583d/codeSet/333', 'code': '1121', 'display': 'Consulting Physician', 'userSelected': True}, {'system': 'http://terminology.hl7.org/CodeSystem/v3-ParticipationType', 'code': 'CON', 'display': 'consultant', 'userSelected': False}], 'text': 'Consulting Physician'}], 'period': {'start': '2021-09-23T14:37:00.000Z'}, 'individual': {'reference': 'Practitioner/12742711', 'display': 'PWJuxly, PhysicianHosp'}}]","[{'location': {'reference': 'Location/21250403', 'display': 'Model Hospital'}, 'status': 'active'}]",0,2021-07-30T22:07:36.000Z,generated,"<div xmlns=""http://www.w3.org/1999/xhtml""><p><b>Encounter</b></p><p><b>Patient</b>: SMART II, SANDY</p><p><b>Location</b>: Model Hospital</p><p><b>Type</b>: Outpatient</p><p><b>Class</b>: ambulatory</p><p><b>Status</b>: In Progress</p><p><b>Service Provider</b>: Model Hospital</p></div>",http://terminology.hl7.org/CodeSystem/v3-ActCode,AMB,ambulatory,False,Patient/12742399,"SMART II, SANDY",Organization/675844,Model Hospital,,
Encounter,97964377,"[{'use': 'usual', 'type': {'coding': [{'system': 'https://fhir.cerner.com/ec2458f2-1e24-41c8-b71b-0e701af7583d/codeSet/319', 'code': '1077', 'display': 'FIN NBR', 'userSelected': True}, {'system': 'http://terminology.hl7.org/CodeSystem/v2-0203', 'code': 'AN', 'display': 'Account number', 'userSelected': False}], 'text': 'FIN NBR'}, 'system': 'urn:oid:5.5.5.5.5.5.', 'value': '20590', 'period': {'start': '2021-11-02T19:38:11.000Z'}}]",in-progress,"[{'coding': [{'system': 'https://fhir.cerner.com/ec2458f2-1e24-41c8-b71b-0e701af7583d/codeSet/71', 'code': '309309', 'display': 'Outpatient', 'userSelected': True}, {'system': 'http://terminology.hl7.org/CodeSystem/v2-0004', 'code': 'O', 'display': 'Outpatient', 'userSelected': False}], 'text': 'Outpatient'}]","[{'type': [{'coding': [{'system': 'https://fhir.cerner.com/ec2458f2-1e24-41c8-b71b-0e701af7583d/codeSet/333', 'code': '3362683', 'display': 'ED Physician', 'userSelected': True}, {'system': 'http://terminology.hl7.org/CodeSystem/v3-ParticipationType', 'code': 'PPRF', 'display': 'primary performer', 'userSelected': False}], 'text': 'ED Physician'}], 'period': {'start': '2024-09-30T20:27:00.000Z'}, 'individual': {'reference': 'Practitioner/12730044', 'display': 'PWTSystem, Physician - Emergency Medicine'}}, {'type': [{'coding': [{'system': 'https://fhir.cerner.com/ec2458f2-1e24-41c8-b71b-0e701af7583d/codeSet/333', 'code': '24490361', 'display': 'Registration Clerk', 'userSelected': True}, {'system': 'http://terminology.hl7.org/CodeSystem/v3-ParticipationType', 'code': 'PART', 'display': 'Participation', 'userSelected': False}], 'text': 'Registration Clerk'}], 'period': {'start': '2023-09-25T08:45:00.000Z'}, 'individual': {'reference': 'Practitioner/744188', 'display': 'Cerner Test, Registration - Clerk Cerner'}}]","[{'location': {'reference': 'Location/21250403', 'display': 'Model Hospital'}, 'status': 'active'}]",0,2021-11-02T19:38:11.000Z,generated,"<div xmlns=""http://www.w3.org/1999/xhtml""><p><b>Encounter</b></p><p><b>Patient</b>: SMART II, SANDY</p><p><b>Location</b>: Model Hospital</p><p><b>Type</b>: Outpatient</p><p><b>Class</b>: ambulatory</p><p><b>Status</b>: In Progress</p><p><b>Service Provider</b>: Model Hospital</p></div>",http://terminology.hl7.org/CodeSystem/v3-ActCode,AMB,ambulatory,False,Patient/12742399,"SMART II, SANDY",Organization/675844,Model Hospital,,
Encounter,97964418,"[{'use': 'usual', 'type': {'coding': [{'system': 'https://fhir.cerner.com/ec2458f2-1e24-41c8-b71b-0e701af7583d/codeSet/319', 'code': '1077', 'display': 'FIN NBR', 'userSelected': True}, {'system': 'http://terminology.hl7.org/CodeSystem/v2-0203', 'code': 'AN', 'display': 'Account number', 'userSelected': False}], 'text': 'FIN NBR'}, 'system': 'urn:oid:5.5.5.5.5.5.', 'value': '20631', 'period': {'start': '2021-11-02T20:01:58.000Z'}}]",in-progress,"[{'coding': [{'system': 'https://fhir.cerner.com/ec2458f2-1e24-41c8-b71b-0e701af7583d/codeSet/71', 'code': '309309', 'display': 'Outpatient', 'userSelected': True}, {'system': 'http://terminology.hl7.org/CodeSystem/v2-0004', 'code': 'O', 'display': 'Outpatient', 'userSelected': False}], 'text': 'Outpatient'}]","[{'type': [{'coding': [{'system': 'https://fhir.cerner.com/ec2458f2-1e24-41c8-b71b-0e701af7583d/codeSet/333', 'code': '1121', 'display': 'Consulting Physician', 'userSelected': True}, {'system': 'http://terminology.hl7.org/CodeSystem/v3-ParticipationType', 'code': 'CON', 'display': 'consultant', 'userSelected': False}], 'text': 'Consulting Physician'}], 'period': {'start': '2024-11-26T04:28:00.000Z'}, 'individual': {'reference': 'Practitioner/12769364', 'display': 'PWLuma, MD'}}, {'type': [{'coding': [{'system': 'https://fhir.cerner.com/ec2458f2-1e24-41c8-b71b-0e701af7583d/codeSet/333', 'code': '1121', 'display': 'Consulting Physician', 'userSelected': True}, {'system': 'http://terminology.hl7.org/CodeSystem/v3-ParticipationType', 'code': 'CON', 'display': 'consultant', 'userSelected': False}], 'text': 'Consulting Physician'}], 'period': {'start': '2021-12-01T15:26:00.000Z'}, 'individual': {'reference': 'Practitioner/12763785', 'display': 'PWCincinnatiChildrens, MD, Cardio'}}, {'type': [{'coding': [{'system': 'https://fhir.cerner.com/ec2458f2-1e24-41c8-b71b-0e701af7583d/codeSet/333', 'code': '1121', 'display': 'Consulting Physician', 'userSelected': True}, {'system': 'http://terminology.hl7.org/CodeSystem/v3-ParticipationType', 'code': 'CON', 'display': 'consultant', 'userSelected': False}], 'text': 'Consulting Physician'}], 'period': {'start': '2021-11-10T23:22:00.000Z'}, 'individual': {'reference': 'Practitioner/12738070', 'display': 'PWProblem, Physician - Hospitalist'}}, {'type': [{'coding': [{'system': 'https://fhir.cerner.com/ec2458f2-1e24-41c8-b71b-0e701af7583d/codeSet/333', 'code': '3362683', 'display': 'ED Physician', 'userSelected': True}, {'system': 'http://terminology.hl7.org/CodeSystem/v3-ParticipationType', 'code': 'PPRF', 'display': 'primary performer', 'userSelected': False}], 'text': 'ED Physician'}], 'period': {'start': '2024-09-30T20:25:00.000Z'}, 'individual': {'reference': 'Practitioner/12730044', 'display': 'PWTSystem, Physician - Emergency Medicine'}}, {'type': [{'coding': [{'system': 'https://fhir.cerner.com/ec2458f2-1e24-41c8-b71b-0e701af7583d/codeSet/333', 'code': '24490361', 'display': 'Registration Clerk', 'userSelected': True}, {'system': 'http://terminology.hl7.org/CodeSystem/v3-ParticipationType', 'code': 'PART', 'display': 'Participation', 'userSelected': False}], 'text': 'Registration Clerk'}], 'period': {'start': '2022-02-28T20:42:00.000Z'}, 'individual': {'reference': 'Practitioner/12738073', 'display': 'PWMobileSmith, Registration - Clerk'}}]","[{'location': {'reference': 'Location/21250403', 'display': 'Model Hospital'}, 'status': 'active'}]",0,2021-11-02T20:01:58.000Z,generated,"<div xmlns=""http://www.w3.org/1999/xhtml""><p><b>Encounter</b></p><p><b>Patient</b>: SMART II, SANDY</p><p><b>Location</b>: Model Hospital</p><p><b>Type</b>: Outpatient</p><p><b>Class</b>: ambulatory</p><p><b>Status</b>: In Progress</p><p><b>Service Provider</b>: Model Hospital</p></div>",http://terminology.hl7.org/CodeSystem/v3-ActCode,AMB,ambulatory,False,Patient/12742399,"SMART II, SANDY",Organization/675844,Model Hospital,,
Encounter,97967684,"[{'use': 'usual', 'type': {'coding': [{'system': 'https://fhir.cerner.com/ec2458f2-1e24-41c8-b71b-0e701af7583d/codeSet/319', 'code': '1077', 'display': 'FIN NBR', 'userSelected': True}, {'system': 'http://terminology.hl7.org/CodeSystem/v2-0203', 'code': 'AN', 'display': 'Account number', 'userSelected': False}], 'text': 'FIN NBR'}, 'system': 'urn:oid:5.5.5.5.5.5.', 'value': '22972', 'period': {'start': '2022-01-25T18:32:27.000Z'}}]",in-progress,"[{'coding': [{'system': 'https://fhir.cerner.com/ec2458f2-1e24-41c8-b71b-0e701af7583d/codeSet/71', 'code': '309309', 'display': 'Outpatient', 'userSelected': True}, {'system': 'http://terminology.hl7.org/CodeSystem/v2-0004', 'code': 'O', 'display': 'Outpatient', 'userSelected': False}], 'text': 'Outpatient'}]","[{'type': [{'coding': [{'system': 'https://fhir.cerner.com/ec2458f2-1e24-41c8-b71b-0e701af7583d/codeSet/333', 'code': '1121', 'display': 'Consulting Physician', 'userSelected': True}, {'system': 'http://terminology.hl7.org/CodeSystem/v3-ParticipationType', 'code': 'CON', 'display': 'consultant', 'userSelected': False}], 'text': 'Consulting Physician'}], 'period': {'start': '2024-09-23T10:21:00.000Z'}, 'individual': {'reference': 'Practitioner/12769364', 'display': 'PWLuma, MD'}}, {'type': [{'coding': [{'system': 'https://fhir.cerner.com/ec2458f2-1e24-41c8-b71b-0e701af7583d/codeSet/333', 'code': '1121', 'display': 'Consulting Physician', 'userSelected': True}, {'system': 'http://terminology.hl7.org/CodeSystem/v3-ParticipationType', 'code': 'CON', 'display': 'consultant', 'userSelected': False}], 'text': 'Consulting Physician'}], 'period': {'start': '2022-11-04T11:07:55.000Z'}, 'individual': {'reference': 'Practitioner/12803690', 'display': 'PwCovidPatientManager, Hospitalist'}}, {'type': [{'coding': [{'system': 'https://fhir.cerner.com/ec2458f2-1e24-41c8-b71b-0e701af7583d/codeSet/333', 'code': '681274', 'display': 'Database Coordinator', 'userSelected': True}, {'system': 'http://terminology.hl7.org/CodeSystem/v3-ParticipationType', 'code': 'PART', 'display': 'Participation', 'userSelected': False}], 'text': 'Database Coordinator'}], 'period': {'start': '2022-12-01T17:19:59.000Z'}, 'individual': {'reference': 'Practitioner/12801118', 'display': 'Haerich, Talon'}}, {'type': [{'coding': [{'system': 'https://fhir.cerner.com/ec2458f2-1e24-41c8-b71b-0e701af7583d/codeSet/333', 'code': '681274', 'display': 'Database Coordinator', 'userSelected': True}, {'system': 'http://terminology.hl7.org/CodeSystem/v3-ParticipationType', 'code': 'PART', 'display': 'Participation', 'userSelected': False}], 'text': 'Database Coordinator'}], 'period': {'start': '2022-11-02T14:15:02.000Z'}, 'individual': {'reference': 'Practitioner/12724045', 'display': 'Graham, Joshua'}}, {'type': [{'coding': [{'system': 'https://fhir.cerner.com/ec2458f2-1e24-41c8-b71b-0e701af7583d/codeSet/333', 'code': '18883355', 'display': 'Covering Physician', 'userSelected': True}, {'system': 'http://terminology.hl7.org/CodeSystem/v3-ParticipationType', 'code': 'PPRF', 'display': 'primary performer', 'userSelected': False}], 'text': 'Covering Physician'}], 'period': {'start': '2022-06-23T02:31:00.000Z'}, 'individual': {'reference': 'Practitioner/12763770', 'display': 'PWRetrieveMedical, MD, Cardio'}}, {'type': [{'coding': [{'system': 'https://fhir.cerner.com/ec2458f2-1e24-41c8-b71b-0e701af7583d/codeSet/333', 'code': '20384266', 'display': 'Peer Review', 'userSelected': True}], 'text': 'Peer Review'}], 'period': {'start': '2022-05-06T18:23:00.000Z'}, 'individual': {'reference': 'Practitioner/12745086', 'display': 'PWVitel Net, MD Cardio'}}, {'type': [{'coding': [{'system': 'https://fhir.cerner.com/ec2458f2-1e24-41c8-b71b-0e701af7583d/codeSet/333', 'code': '24490361', 'display': 'Registration Clerk', 'userSelected': True}, {'system': 'http://terminology.hl7.org/CodeSystem/v3-ParticipationType', 'code': 'PART', 'display': 'Participation', 'userSelected': False}], 'text': 'Registration Clerk'}], 'period': {'start': '2022-02-28T20:51:00.000Z'}, 'individual': {'reference': 'Practitioner/12738073', 'display': 'PWMobileSmith, Registration - Clerk'}}]","[{'location': {'reference': 'Location/21250403', 'display': 'Model Hospital'}, 'status': 'active'}]",0,2022-01-25T18:32:27.000Z,generated,"<div xmlns=""http://www.w3.org/1999/xhtml""><p><b>Encounter</b></p><p><b>Patient</b>: SMART II, SANDY</p><p><b>Location</b>: Model Hospital</p><p><b>Type</b>: Outpatient</p><p><b>Class</b>: ambulatory</p><p><b>Status</b>: In Progress</p><p><b>Service Provider</b>: Model Hospital</p></div>",http://terminology.hl7.org/CodeSystem/v3-ActCode,AMB,ambulatory,False,Patient/12742399,"SMART II, SANDY",Organization/675844,Model Hospital,,
Encounter,97998276,"[{'use': 'usual', 'type': {'coding': [{'system': 'https://fhir.cerner.com/ec2458f2-1e24-41c8-b71b-0e701af7583d/codeSet/319', 'code': '1077', 'display': 'FIN NBR', 'userSelected': True}, {'system': 'http://terminology.hl7.org/CodeSystem/v2-0203', 'code': 'AN', 'display': 'Account number', 'userSelected': False}], 'text': 'FIN NBR'}, 'system': 'urn:oid:5.5.5.5.5.5.', 'value': '48190', 'period': {'start': '2023-01-24T21:04:53.000Z'}}]",in-progress,"[{'coding': [{'system': 'https://fhir.cerner.com/ec2458f2-1e24-41c8-b71b-0e701af7583d/codeSet/71', 'code': '309309', 'display': 'Outpatient', 'userSelected': True}, {'system': 'http://terminology.hl7.org/CodeSystem/v2-0004', 'code': 'O', 'display': 'Outpatient', 'userSelected': False}], 'text': 'Outpatient'}]","[{'type': [{'coding': [{'system': 'https://fhir.cerner.com/ec2458f2-1e24-41c8-b71b-0e701af7583d/codeSet/333', 'code': '1121', 'display': 'Consulting Physician', 'userSelected': True}, {'system': 'http://terminology.hl7.org/CodeSystem/v3-ParticipationType', 'code': 'CON', 'display': 'consultant', 'userSelected': False}], 'text': 'Consulting Physician'}], 'period': {'start': '2024-11-12T03:51:00.000Z'}, 'individual': {'reference': 'Practitioner/12769364', 'display': 'PWLuma, MD'}}, {'type': [{'coding': [{'system': 'https://fhir.cerner.com/ec2458f2-1e24-41c8-b71b-0e701af7583d/codeSet/333', 'code': '1121', 'display': 'Consulting Physician', 'userSelected': True}, {'system': 'http://terminology.hl7.org/CodeSystem/v3-ParticipationType', 'code': 'CON', 'display': 'consultant', 'userSelected': False}], 'text': 'Consulting Physician'}], 'period': {'start': '2024-11-05T15:46:00.000Z'}, 'individual': {'reference': 'Practitioner/12762230', 'display': 'PWPhreesia, MD, Cardio'}}, {'type': [{'coding': [{'system': 'https://fhir.cerner.com/ec2458f2-1e24-41c8-b71b-0e701af7583d/codeSet/333', 'code': '1121', 'display': 'Consulting Physician', 'userSelected': True}, {'system': 'http://terminology.hl7.org/CodeSystem/v3-ParticipationType', 'code': 'CON', 'display': 'consultant', 'userSelected': False}], 'text': 'Consulting Physician'}], 'period': {'start': '2024-01-18T10:01:08.000Z'}, 'individual': {'reference': 'Practitioner/12742905', 'display': 'PWEveryDose, MDHosp'}}, {'type': [{'coding': [{'system': 'https://fhir.cerner.com/ec2458f2-1e24-41c8-b71b-0e701af7583d/codeSet/333', 'code': '1121', 'display': 'Consulting Physician', 'userSelected': True}, {'system': 'http://terminology.hl7.org/CodeSystem/v3-ParticipationType', 'code': 'CON', 'display': 'consultant', 'userSelected': False}], 'text': 'Consulting Physician'}], 'period': {'start': '2023-09-12T17:21:00.000Z'}, 'individual': {'reference': 'Practitioner/12732049', 'display': 'PWUpToDate, Physician - Primary Care'}}, {'type': [{'coding': [{'system': 'https://fhir.cerner.com/ec2458f2-1e24-41c8-b71b-0e701af7583d/codeSet/333', 'code': '1121', 'display': 'Consulting Physician', 'userSelected': True}, {'system': 'http://terminology.hl7.org/CodeSystem/v3-ParticipationType', 'code': 'CON', 'display': 'consultant', 'userSelected': False}], 'text': 'Consulting Physician'}], 'period': {'start': '2023-01-30T22:02:23.000Z'}, 'individual': {'reference': 'Practitioner/12810406', 'display': 'PWUpToDateTwo, Physician - Primary Care'}}, {'type': [{'coding': [{'system': 'https://fhir.cerner.com/ec2458f2-1e24-41c8-b71b-0e701af7583d/codeSet/333', 'code': '1124', 'display': 'Other', 'userSelected': True}, {'system': 'http://terminology.hl7.org/CodeSystem/v3-ParticipationType', 'code': 'PART', 'display': 'Participation', 'userSelected': False}], 'text': 'Other'}], 'period': {'start': '2023-04-24T15:17:32.000Z'}, 'individual': {'reference': 'Practitioner/2', 'display': 'CERNER, CERNER CERNER'}}, {'type': [{'coding': [{'system': 'https://fhir.cerner.com/ec2458f2-1e24-41c8-b71b-0e701af7583d/codeSet/333', 'code': '18883355', 'display': 'Covering Physician', 'userSelected': True}, {'system': 'http://terminology.hl7.org/CodeSystem/v3-ParticipationType', 'code': 'PPRF', 'display': 'primary performer', 'userSelected': False}], 'text': 'Covering Physician'}], 'period': {'start': '2026-09-17T15:59:00.000Z'}, 'individual': {'reference': 'Practitioner/15135305', 'display': 'PWValueHealth, MD, DevShell'}}, {'type': [{'coding': [{'system': 'https://fhir.cerner.com/ec2458f2-1e24-41c8-b71b-0e701af7583d/codeSet/333', 'code': '24490361', 'display': 'Registration Clerk', 'userSelected': True}, {'system': 'http://terminology.hl7.org/CodeSystem/v3-ParticipationType', 'code': 'PART', 'display': 'Participation', 'userSelected': False}], 'text': 'Registration Clerk'}], 'period': {'start': '2025-01-27T06:04:00.000Z'}, 'individual': {'reference': 'Practitioner/12732071', 'display': 'PWYosi, Registration - Clerk'}}, {'type': [{'coding': [{'system': 'https://fhir.cerner.com/ec2458f2-1e24-41c8-b71b-0e701af7583d/codeSet/333', 'code': '681274', 'display': 'Database Coordinator', 'userSelected': True}, {'system': 'http://terminology.hl7.org/CodeSystem/v3-ParticipationType', 'code': 'PART', 'display': 'Participation', 'userSelected': False}], 'text': 'Database Coordinator'}], 'period': {'start': '2024-10-01T19:20:00.000Z'}, 'individual': {'reference': 'Practitioner/12742563', 'display': 'Pivonka, Fran'}}, {'type': [{'coding': [{'system': 'https://fhir.cerner.com/ec2458f2-1e24-41c8-b71b-0e701af7583d/codeSet/333', 'code': '3362683', 'display': 'ED Physician', 'userSelected': True}, {'system': 'http://terminology.hl7.org/CodeSystem/v3-ParticipationType', 'code': 'PPRF', 'display': 'primary performer', 'userSelected': False}], 'text': 'ED Physician'}], 'period': {'start': '2024-09-30T20:16:20.000Z'}, 'individual': {'reference': 'Practitioner/12730044', 'display': 'PWTSystem, Physician - Emergency Medicine'}}, {'type': [{'coding': [{'system': 'https://fhir.cerner.com/ec2458f2-1e24-41c8-b71b-0e701af7583d/codeSet/333', 'code': '681274', 'display': 'Database Coordinator', 'userSelected': True}, {'system': 'http://terminology.hl7.org/CodeSystem/v3-ParticipationType', 'code': 'PART', 'display': 'Participation', 'userSelected': False}], 'text': 'Database Coordinator'}], 'period': {'start': '2024-07-08T19:02:18.000Z'}, 'individual': {'reference': 'Practitioner/12970342', 'display': 'Mansi, MJ'}}, {'type': [{'coding': [{'system': 'https://fhir.cerner.com/ec2458f2-1e24-41c8-b71b-0e701af7583d/codeSet/333', 'code': '681274', 'display': 'Database Coordinator', 'userSelected': True}, {'system': 'http://terminology.hl7.org/CodeSystem/v3-ParticipationType', 'code': 'PART', 'display': 'Participation', 'userSelected': False}], 'text': 'Database Coordinator'}], 'period': {'start': '2024-01-18T22:08:33.000Z'}, 'individual': {'reference': 'Practitioner/12752117', 'display': 'Joyce, Patrick'}}, {'type': [{'coding': [{'system': 'https://fhir.cerner.com/ec2458f2-1e24-41c8-b71b-0e701af7583d/codeSet/333', 'code': '155333025', 'display': 'Utilization Review', 'userSelected': True}], 'text': 'Utilization Review'}], 'period': {'start': '2023-11-20T22:01:49.000Z'}, 'individual': {'reference': 'Practitioner/12732065', 'display': 'PWDiabetesMe, Physician - Hospitalist'}}, {'type': [{'coding': [{'system': 'https://fhir.cerner.com/ec2458f2-1e24-41c8-b71b-0e701af7583d/codeSet/333', 'code': '3362683', 'display': 'ED Physician', 'userSelected': True}, {'system': 'http://terminology.hl7.org/CodeSystem/v3-ParticipationType', 'code': 'PPRF', 'display': 'primary performer', 'userSelected': False}], 'text': 'ED Physician'}], 'period': {'start': '2023-07-18T21:05:03.000Z'}, 'individual': {'reference': 'Practitioner/12744840', 'display': 'Lara, Tomas'}}, {'type': [{'coding': [{'system': 'https://fhir.cerner.com/ec2458f2-1e24-41c8-b71b-0e701af7583d/codeSet/333', 'code': '681274', 'display': 'Database Coordinator', 'userSelected': True}, {'system': 'http://terminology.hl7.org/CodeSystem/v3-ParticipationType', 'code': 'PART', 'display': 'Participation', 'userSelected': False}], 'text': 'Database Coordinator'}], 'period': {'start': '2023-07-18T20:53:00.000Z'}, 'individual': {'reference': 'Practitioner/12743472', 'display': 'Allen, Jodi'}}, {'type': [{'coding': [{'system': 'https://fhir.cerner.com/ec2458f2-1e24-41c8-b71b-0e701af7583d/codeSet/333', 'code': '681295', 'display': 'Physician (Office/Clinic Only)', 'userSelected': True}, {'system': 'http://terminology.hl7.org/CodeSystem/v3-ParticipationType', 'code': 'PPRF', 'display': 'primary performer', 'userSelected': False}], 'text': 'Physician (Office/Clinic Only)'}], 'period': {'start': '2023-06-26T06:55:00.000Z'}, 'individual': {'reference': 'Practitioner/12747296', 'display': 'PWCertifyGlobal, MD, Cardio'}}, {'type': [{'coding': [{'system': 'https://fhir.cerner.com/ec2458f2-1e24-41c8-b71b-0e701af7583d/codeSet/333', 'code': '681274', 'display': 'Database Coordinator', 'userSelected': True}, {'system': 'http://terminology.hl7.org/CodeSystem/v3-ParticipationType', 'code': 'PART', 'display': 'Participation', 'userSelected': False}], 'text': 'Database Coordinator'}], 'period': {'start': '2023-05-15T13:59:00.000Z'}, 'individual': {'reference': 'Practitioner/12784000', 'display': 'McMillan, Erika'}}, {'type': [{'coding': [{'system': 'https://fhir.cerner.com/ec2458f2-1e24-41c8-b71b-0e701af7583d/codeSet/333', 'code': '681274', 'display': 'Database Coordinator', 'userSelected': True}, {'system': 'http://terminology.hl7.org/CodeSystem/v3-ParticipationType', 'code': 'PART', 'display': 'Participation', 'userSelected': False}], 'text': 'Database Coordinator'}], 'period': {'start': '2023-04-27T18:12:41.000Z'}, 'individual': {'reference': 'Practitioner/12784000', 'display': 'McMillan, Erika'}}, {'type': [{'coding': [{'system': 'https://fhir.cerner.com/ec2458f2-1e24-41c8-b71b-0e701af7583d/codeSet/333', 'code': '681295', 'display': 'Physician (Office/Clinic Only)', 'userSelected': True}, {'system': 'http://terminology.hl7.org/CodeSystem/v3-ParticipationType', 'code': 'PPRF', 'display': 'primary performer', 'userSelected': False}], 'text': 'Physician (Office/Clinic Only)'}], 'period': {'start': '2023-04-12T11:30:00.000Z'}, 'individual': {'reference': 'Practitioner/593923', 'display': 'Applegate MD, Christina'}}]","[{'location': {'reference': 'Location/21250403', 'display': 'Model Hospital'}, 'status': 'active'}]",0,2023-01-24T21:04:53.000Z,generated,"<div xmlns=""http://www.w3.org/1999/xhtml""><p><b>Encounter</b></p><p><b>Patient</b>: SMART II, SANDY</p><p><b>Location</b>: Model Hospital</p><p><b>Type</b>: Outpatient</p><p><b>Class</b>: ambulatory</p><p><b>Status</b>: In Progress</p><p><b>Service Provider</b>: Model Hospital</p></div>",http://terminology.hl7.org/CodeSystem/v3-ActCode,AMB,ambulatory,False,Patient/12742399,"SMART II, SANDY",Organization/675844,Model Hospital,,
Encounter,100519686,"[{'use': 'usual', 'type': {'coding': [{'system': 'https://fhir.cerner.com/ec2458f2-1e24-41c8-b71b-0e701af7583d/codeSet/319', 'code': '1077', 'display': 'FIN NBR', 'userSelected': True}, {'system': 'http://terminology.hl7.org/CodeSystem/v2-0203', 'code': 'AN', 'display': 'Account number', 'userSelected': False}], 'text': 'FIN NBR'}, 'system': 'urn:oid:5.5.5.5.5.5.', 'value': '956986'}]",in-progress,"[{'coding': [{'system': 'https://fhir.cerner.com/ec2458f2-1e24-41c8-b71b-0e701af7583d/codeSet/71', 'code': '22282402', 'display': 'Clinic', 'userSelected': True}, {'system': 'http://snomed.info/sct', 'code': '308021002', 'display': 'Seen in clinic (finding)', 'userSelected': False}, {'system': 'http://snomed.info/sct', 'code': '308021002', 'display': 'Seen in clinic (finding)', 'userSelected': False}], 'text': 'Clinic'}]","[{'type': [{'coding': [{'system': 'https://fhir.cerner.com/ec2458f2-1e24-41c8-b71b-0e701af7583d/codeSet/333', 'code': '1119', 'display': 'Attending Physician', 'userSelected': True}, {'system': 'http://terminology.hl7.org/CodeSystem/v3-ParticipationType', 'code': 'ATND', 'display': 'attender', 'userSelected': False}], 'text': 'Attending Physician'}], 'individual': {'reference': 'Practitioner/12742614', 'display': 'PWSUKI, MDCARDIO'}}]","[{'location': {'reference': 'Location/21304876', 'display': 'Model Clinic 1, MX Clinic 1, MX Clinic 1'}, 'status': 'active'}]",1,2026-08-31T03:14:29.000Z,generated,"<div xmlns=""http://www.w3.org/1999/xhtml""><p><b>Encounter</b></p><p><b>Patient</b>: SMART II, SANDY</p><p><b>Location</b>: Model Clinic 1, MX Clinic 1, MX Clinic 1</p><p><b>Type</b>: Clinic</p><p><b>Class</b>: ambulatory</p><p><b>Status</b>: In Progress</p><p><b>Period Start Date</b>: Aug 31, 2026  9:30 P.M. UTC</p><p><b>Attending Physician</b>: PWSUKI, MDCARDIO</p><p><b>Service Provider</b>: Model Clinic 1</p></div>",http://terminology.hl7.org/CodeSystem/v3-ActCode,AMB,ambulatory,False,Patient/12742399,"SMART II, SANDY",Organization/685844,Model Clinic 1,,2026-08-31T21:30:00.000Z
Encounter,100524567,"[{'use': 'usual', 'type': {'coding': [{'system': 'https://fhir.cerner.com/ec2458f2-1e24-41c8-b71b-0e701af7583d/codeSet/319', 'code': '1077', 'display': 'FIN NBR', 'userSelected': True}, {'system': 'http://terminology.hl7.org/CodeSystem/v2-0203', 'code': 'AN', 'display': 'Account number', 'userSelected': False}], 'text': 'FIN NBR'}, 'system': 'urn:oid:5.5.5.5.5.5.', 'value': '961867'}]",in-progress,"[{'coding': [{'system': 'https://fhir.cerner.com/ec2458f2-1e24-41c8-b71b-0e701af7583d/codeSet/71', 'code': '22282402', 'display': 'Clinic', 'userSelected': True}, {'system': 'http://snomed.info/sct', 'code': '308021002', 'display': 'Seen in clinic (finding)', 'userSelected': False}, {'system': 'http://snomed.info/sct', 'code': '308021002', 'display': 'Seen in clinic (finding)', 'userSelected': False}], 'text': 'Clinic'}]","[{'type': [{'coding': [{'system': 'https://fhir.cerner.com/ec2458f2-1e24-41c8-b71b-0e701af7583d/codeSet/333', 'code': '1119', 'display': 'Attending Physician', 'userSelected': True}, {'system': 'http://terminology.hl7.org/CodeSystem/v3-ParticipationType', 'code': 'ATND', 'display': 'attender', 'userSelected': False}], 'text': 'Attending Physician'}], 'individual': {'reference': 'Practitioner/12742614', 'display': 'PWSUKI, MDCARDIO'}}]","[{'location': {'reference': 'Location/21304876', 'display': 'Model Clinic 1, MX Clinic 1, MX Clinic 1'}, 'status': 'active'}]",0,2026-09-03T04:09:16.000Z,generated,"<div xmlns=""http://www.w3.org/1999/xhtml""><p><b>Encounter</b></p><p><b>Patient</b>: SMART II, SANDY</p><p><b>Location</b>: Model Clinic 1, MX Clinic 1, MX Clinic 1</p><p><b>Type</b>: Clinic</p><p><b>Class</b>: ambulatory</p><p><b>Status</b>: In Progress</p><p><b>Period Start Date</b>: Sep  3, 2026  1:00 P.M. UTC</p><p><b>Attending Physician</b>: PWSUKI, MDCARDIO</p><p><b>Service Provider</b>: Model Clinic 1</p></div>",http://terminology.hl7.org/CodeSystem/v3-ActCode,AMB,ambulatory,False,Patient/12742399,"SMART II, SANDY",Organization/685844,Model Clinic 1,,2026-09-03T13:00:00.000Z
Encounter,100532995,"[{'use': 'usual', 'type': {'coding': [{'system': 'https://fhir.cerner.com/ec2458f2-1e24-41c8-b71b-0e701af7583d/codeSet/319', 'code': '1077', 'display': 'FIN NBR', 'userSelected': True}, {'system': 'http://terminology.hl7.org/CodeSystem/v2-0203', 'code': 'AN', 'display': 'Account number', 'userSelected': False}], 'text': 'FIN NBR'}, 'system': 'urn:oid:5.5.5.5.5.5.', 'value': '970295'}]",in-progress,"[{'coding': [{'system': 'https://fhir.cerner.com/ec2458f2-1e24-41c8-b71b-0e701af7583d/codeSet/71', 'code': '22282402', 'display': 'Clinic', 'userSelected': True}, {'system': 'http://snomed.info/sct', 'code': '308021002', 'display': 'Seen in clinic (finding)', 'userSelected': False}, {'system': 'http://snomed.info/sct', 'code': '308021002', 'display': 'Seen in clinic (finding)', 'userSelected': False}], 'text': 'Clinic'}]","[{'type': [{'coding': [{'system': 'https://fhir.cerner.com/ec2458f2-1e24-41c8-b71b-0e701af7583d/codeSet/333', 'code': '1119', 'display': 'Attending Physician', 'userSelected': True}, {'system': 'http://terminology.hl7.org/CodeSystem/v3-ParticipationType', 'code': 'ATND', 'display': 'attender', 'userSelected': False}], 'text': 'Attending Physician'}], 'individual': {'reference': 'Practitioner/12742614', 'display': 'PWSUKI, MDCARDIO'}}]","[{'location': {'reference': 'Location/21304876', 'display': 'Model Clinic 1, MX Clinic 1, MX Clinic 1'}, 'status': 'active'}]",2,2026-09-10T05:10:50.000Z,generated,"<div xmlns=""http://www.w3.org/1999/xhtml""><p><b>Encounter</b></p><p><b>Patient</b>: SMART II, SANDY</p><p><b>Location</b>: Model Clinic 1, MX Clinic 1, MX Clinic 1</p><p><b>Type</b>: Clinic</p><p><b>Class</b>: ambulatory</p><p><b>Status</b>: In Progress</p><p><b>Period Start Date</b>: Sep  9, 2026  1:00 P.M. UTC</p><p><b>Attending Physician</b>: PWSUKI, MDCARDIO</p><p><b>Service Provider</b>: Model Clinic 1</p></div>",http://terminology.hl7.org/CodeSystem/v3-ActCode,AMB,ambulatory,False,Patient/12742399,"SMART II, SANDY",Organization/685844,Model Clinic 1,,2026-09-09T13:00:00.000Z
Encounter,100543869,"[{'use': 'usual', 'type': {'coding': [{'system': 'https://fhir.cerner.com/ec2458f2-1e24-41c8-b71b-0e701af7583d/codeSet/319', 'code': '1077', 'display': 'FIN NBR', 'userSelected': True}, {'system': 'http://terminology.hl7.org/CodeSystem/v2-0203', 'code': 'AN', 'display': 'Account number', 'userSelected': False}], 'text': 'FIN NBR'}, 'system': 'urn:oid:5.5.5.5.5.5.', 'value': '981163'}]",in-progress,"[{'coding': [{'system': 'https://fhir.cerner.com/ec2458f2-1e24-41c8-b71b-0e701af7583d/codeSet/71', 'code': '22282402', 'display': 'Clinic', 'userSelected': True}, {'system': 'http://snomed.info/sct', 'code': '308021002', 'display': 'Seen in clinic (finding)', 'userSelected': False}, {'system': 'http://snomed.info/sct', 'code': '308021002', 'display': 'Seen in clinic (finding)', 'userSelected': False}], 'text': 'Clinic'}]","[{'type': [{'coding': [{'system': 'https://fhir.cerner.com/ec2458f2-1e24-41c8-b71b-0e701af7583d/codeSet/333', 'code': '1119', 'display': 'Attending Physician', 'userSelected': True}, {'system': 'http://terminology.hl7.org/CodeSystem/v3-ParticipationType', 'code': 'ATND', 'display': 'attender', 'userSelected': False}], 'text': 'Attending Physician'}], 'individual': {'reference': 'Practitioner/12742614', 'display': 'PWSUKI, MDCARDIO'}}]","[{'location': {'reference': 'Location/21304876', 'display': 'Model Clinic 1, MX Clinic 1, MX Clinic 1'}, 'status': 'active'}]",0,2026-09-15T22:43:14.000Z,generated,"<div xmlns=""http://www.w3.org/1999/xhtml""><p><b>Encounter</b></p><p><b>Patient</b>: SMART II, SANDY</p><p><b>Location</b>: Model Clinic 1, MX Clinic 1, MX Clinic 1</p><p><b>Type</b>: Clinic</p><p><b>Class</b>: ambulatory</p><p><b>Status</b>: In Progress</p><p><b>Period Start Date</b>: Sep 16, 2026  1:00 P.M. UTC</p><p><b>Attending Physician</b>: PWSUKI, MDCARDIO</p><p><b>Service Provider</b>: Model Clinic 1</p></div>",http://terminology.hl7.org/CodeSystem/v3-ActCode,AMB,ambulatory,False,Patient/12742399,"SMART II, SANDY",Organization/685844,Model Clinic 1,,2026-09-16T13:00:00.000Z
Encounter,100546012,"[{'use': 'usual', 'type': {'coding': [{'system': 'https://fhir.cerner.com/ec2458f2-1e24-41c8-b71b-0e701af7583d/codeSet/319', 'code': '1077', 'display': 'FIN NBR', 'userSelected': True}, {'system': 'http://terminology.hl7.org/CodeSystem/v2-0203', 'code': 'AN', 'display': 'Account number', 'userSelected': False}], 'text': 'FIN NBR'}, 'system': 'urn:oid:5.5.5.5.5.5.', 'value': '983306'}]",in-progress,"[{'coding': [{'system': 'https://fhir.cerner.com/ec2458f2-1e24-41c8-b71b-0e701af7583d/codeSet/71', 'code': '22282402', 'display': 'Clinic', 'userSelected': True}, {'system': 'http://snomed.info/sct', 'code': '308021002', 'display': 'Seen in clinic (finding)', 'userSelected': False}, {'system': 'http://snomed.info/sct', 'code': '308021002', 'display': 'Seen in clinic (finding)', 'userSelected': False}], 'text': 'Clinic'}]","[{'type': [{'coding': [{'system': 'https://fhir.cerner.com/ec2458f2-1e24-41c8-b71b-0e701af7583d/codeSet/333', 'code': '1119', 'display': 'Attending Physician', 'userSelected': True}, {'system': 'http://terminology.hl7.org/CodeSystem/v3-ParticipationType', 'code': 'ATND', 'display': 'attender', 'userSelected': False}], 'text': 'Attending Physician'}], 'individual': {'reference': 'Practitioner/12742614', 'display': 'PWSUKI, MDCARDIO'}}]","[{'location': {'reference': 'Location/21304876', 'display': 'Model Clinic 1, MX Clinic 1, MX Clinic 1'}, 'status': 'active'}]",2,2026-09-18T05:11:03.000Z,generated,"<div xmlns=""http://www.w3.org/1999/xhtml""><p><b>Encounter</b></p><p><b>Patient</b>: SMART II, SANDY</p><p><b>Location</b>: Model Clinic 1, MX Clinic 1, MX Clinic 1</p><p><b>Type</b>: Clinic</p><p><b>Class</b>: ambulatory</p><p><b>Status</b>: In Progress</p><p><b>Period Start Date</b>: Sep 17, 2026  1:15 P.M. UTC</p><p><b>Attending Physician</b>: PWSUKI, MDCARDIO</p><p><b>Service Provider</b>: Model Clinic 1</p></div>",http://terminology.hl7.org/CodeSystem/v3-ActCode,AMB,ambulatory,False,Patient/12742399,"SMART II, SANDY",Organization/685844,Model Clinic 1,,2026-09-17T13:15:00.000Z
Encounter,100553023,"[{'use': 'usual', 'type': {'coding': [{'system': 'https://fhir.cerner.com/ec2458f2-1e24-41c8-b71b-0e701af7583d/codeSet/319', 'code': '1077', 'display': 'FIN NBR', 'userSelected': True}, {'system': 'http://terminology.hl7.org/CodeSystem/v2-0203', 'code': 'AN', 'display': 'Account number', 'userSelected': False}], 'text': 'FIN NBR'}, 'system': 'urn:oid:5.5.5.5.5.5.', 'value': '990315'}]",in-progress,"[{'coding': [{'system': 'https://fhir.cerner.com/ec2458f2-1e24-41c8-b71b-0e701af7583d/codeSet/71', 'code': '22282402', 'display': 'Clinic', 'userSelected': True}, {'system': 'http://snomed.info/sct', 'code': '308021002', 'display': 'Seen in clinic (finding)', 'userSelected': False}, {'system': 'http://snomed.info/sct', 'code': '308021002', 'display': 'Seen in clinic (finding)', 'userSelected': False}], 'text': 'Clinic'}]","[{'type': [{'coding': [{'system': 'https://fhir.cerner.com/ec2458f2-1e24-41c8-b71b-0e701af7583d/codeSet/333', 'code': '1119', 'display': 'Attending Physician', 'userSelected': True}, {'system': 'http://terminology.hl7.org/CodeSystem/v3-ParticipationType', 'code': 'ATND', 'display': 'attender', 'userSelected': False}], 'text': 'Attending Physician'}], 'individual': {'reference': 'Practitioner/12742614', 'display': 'PWSUKI, MDCARDIO'}}]","[{'location': {'reference': 'Location/21304876', 'display': 'Model Clinic 1, MX Clinic 1, MX Clinic 1'}, 'status': 'active'}]",0,2026-09-21T07:08:17.000Z,generated,"<div xmlns=""http://www.w3.org/1999/xhtml""><p><b>Encounter</b></p><p><b>Patient</b>: SMART II, SANDY</p><p><b>Location</b>: Model Clinic 1, MX Clinic 1, MX Clinic 1</p><p><b>Type</b>: Clinic</p><p><b>Class</b>: ambulatory</p><p><b>Status</b>: In Progress</p><p><b>Period Start Date</b>: Sep 21, 2026  1:00 P.M. UTC</p><p><b>Attending Physician</b>: PWSUKI, MDCARDIO</p><p><b>Service Provider</b>: Model Clinic 1</p></div>",http://terminology.hl7.org/CodeSystem/v3-ActCode,AMB,ambulatory,False,Patient/12742399,"SMART II, SANDY",Organization/685844,Model Clinic 1,,2026-09-21T13:00:00.000Z
Encounter,100557236,"[{'use': 'usual', 'type': {'coding': [{'system': 'https://fhir.cerner.com/ec2458f2-1e24-41c8-b71b-0e701af7583d/codeSet/319', 'code': '1077', 'display': 'FIN NBR', 'userSelected': True}, {'system': 'http://terminology.hl7.org/CodeSystem/v2-0203', 'code': 'AN', 'display': 'Account number', 'userSelected': False}], 'text': 'FIN NBR'}, 'system': 'urn:oid:5.5.5.5.5.5.', 'value': '994528'}]",in-progress,"[{'coding': [{'system': 'https://fhir.cerner.com/ec2458f2-1e24-41c8-b71b-0e701af7583d/codeSet/71', 'code': '22282402', 'display': 'Clinic', 'userSelected': True}, {'system': 'http://snomed.info/sct', 'code': '308021002', 'display': 'Seen in clinic (finding)', 'userSelected': False}, {'system': 'http://snomed.info/sct', 'code': '308021002', 'display': 'Seen in clinic (finding)', 'userSelected': False}], 'text': 'Clinic'}]","[{'type': [{'coding': [{'system': 'https://fhir.cerner.com/ec2458f2-1e24-41c8-b71b-0e701af7583d/codeSet/333', 'code': '1119', 'display': 'Attending Physician', 'userSelected': True}, {'system': 'http://terminology.hl7.org/CodeSystem/v3-ParticipationType', 'code': 'ATND', 'display': 'attender', 'userSelected': False}], 'text': 'Attending Physician'}], 'individual': {'reference': 'Practitioner/12742614', 'display': 'PWSUKI, MDCARDIO'}}]","[{'location': {'reference': 'Location/21304876', 'display': 'Model Clinic 1, MX Clinic 1, MX Clinic 1'}, 'status': 'active'}]",1,2026-09-23T22:18:33.000Z,generated,"<div xmlns=""http://www.w3.org/1999/xhtml""><p><b>Encounter</b></p><p><b>Patient</b>: SMART II, SANDY</p><p><b>Location</b>: Model Clinic 1, MX Clinic 1, MX Clinic 1</p><p><b>Type</b>: Clinic</p><p><b>Class</b>: ambulatory</p><p><b>Status</b>: In Progress</p><p><b>Period Start Date</b>: Sep 24, 2026  1:00 P.M. UTC</p><p><b>Attending Physician</b>: PWSUKI, MDCARDIO</p><p><b>Service Provider</b>: Model Clinic 1</p></div>",http://terminology.hl7.org/CodeSystem/v3-ActCode,AMB,ambulatory,False,Patient/12742399,"SMART II, SANDY",Organization/685844,Model Clinic 1,[{'reference': 'Appointment/7179473'}],2026-09-24T13:00:00.000Z
Encounter,100557329,"[{'use': 'usual', 'type': {'coding': [{'system': 'https://fhir.cerner.com/ec2458f2-1e24-41c8-b71b-0e701af7583d/codeSet/319', 'code': '1077', 'display': 'FIN NBR', 'userSelected': True}, {'system': 'http://terminology.hl7.org/CodeSystem/v2-0203', 'code': 'AN', 'display': 'Account number', 'userSelected': False}], 'text': 'FIN NBR'}, 'system': 'urn:oid:5.5.5.5.5.5.', 'value': '994621'}]",in-progress,"[{'coding': [{'system': 'https://fhir.cerner.com/ec2458f2-1e24-41c8-b71b-0e701af7583d/codeSet/71', 'code': '22282402', 'display': 'Clinic', 'userSelected': True}, {'system': 'http://snomed.info/sct', 'code': '308021002', 'display': 'Seen in clinic (finding)', 'userSelected': False}, {'system': 'http://snomed.info/sct', 'code': '308021002', 'display': 'Seen in clinic (finding)', 'userSelected': False}], 'text': 'Clinic'}]","[{'type': [{'coding': [{'system': 'https://fhir.cerner.com/ec2458f2-1e24-41c8-b71b-0e701af7583d/codeSet/333', 'code': '1119', 'display': 'Attending Physician', 'userSelected': True}, {'system': 'http://terminology.hl7.org/CodeSystem/v3-ParticipationType', 'code': 'ATND', 'display': 'attender', 'userSelected': False}], 'text': 'Attending Physician'}], 'individual': {'reference': 'Practitioner/12742614', 'display': 'PWSUKI, MDCARDIO'}}]","[{'location': {'reference': 'Location/21304876', 'display': 'Model Clinic 1, MX Clinic 1, MX Clinic 1'}, 'status': 'active'}]",1,2026-09-23T23:19:11.000Z,generated,"<div xmlns=""http://www.w3.org/1999/xhtml""><p><b>Encounter</b></p><p><b>Patient</b>: SMART II, SANDY</p><p><b>Location</b>: Model Clinic 1, MX Clinic 1, MX Clinic 1</p><p><b>Type</b>: Clinic</p><p><b>Class</b>: ambulatory</p><p><b>Status</b>: In Progress</p><p><b>Period Start Date</b>: Sep 24, 2026  1:15 P.M. UTC</p><p><b>Attending Physician</b>: PWSUKI, MDCARDIO</p><p><b>Service Provider</b>: Model Clinic 1</p></div>",http://terminology.hl7.org/CodeSystem/v3-ActCode,AMB,ambulatory,False,Patient/12742399,"SMART II, SANDY",Organization/685844,Model Clinic 1,[{'reference': 'Appointment/7179566'}],2026-09-24T13:15:00.000Z
